country,date,confirmed,deaths,recovered,active,death_rate_float,recovery_rate_float,death_rate,recovery_rate
Indonesia,01/22/2020,0,0,0,0,0.0,0.0,nan %,nan %
Indonesia,01/23/2020,0,0,0,0,0.0,0.0,nan %,nan %
Indonesia,01/24/2020,0,0,0,0,0.0,0.0,nan %,nan %
Indonesia,01/25/2020,0,0,0,0,0.0,0.0,nan %,nan %
Indonesia,01/26/2020,0,0,0,0,0.0,0.0,nan %,nan %
Indonesia,01/27/2020,0,0,0,0,0.0,0.0,nan %,nan %
Indonesia,01/28/2020,0,0,0,0,0.0,0.0,nan %,nan %
Indonesia,01/29/2020,0,0,0,0,0.0,0.0,nan %,nan %
Indonesia,01/30/2020,0,0,0,0,0.0,0.0,nan %,nan %
Indonesia,01/31/2020,0,0,0,0,0.0,0.0,nan %,nan %
Indonesia,02/01/2020,0,0,0,0,0.0,0.0,nan %,nan %
Indonesia,02/02/2020,0,0,0,0,0.0,0.0,nan %,nan %
Indonesia,02/03/2020,0,0,0,0,0.0,0.0,nan %,nan %
Indonesia,02/04/2020,0,0,0,0,0.0,0.0,nan %,nan %
Indonesia,02/05/2020,0,0,0,0,0.0,0.0,nan %,nan %
Indonesia,02/06/2020,0,0,0,0,0.0,0.0,nan %,nan %
Indonesia,02/07/2020,0,0,0,0,0.0,0.0,nan %,nan %
Indonesia,02/08/2020,0,0,0,0,0.0,0.0,nan %,nan %
Indonesia,02/09/2020,0,0,0,0,0.0,0.0,nan %,nan %
Indonesia,02/10/2020,0,0,0,0,0.0,0.0,nan %,nan %
Indonesia,02/11/2020,0,0,0,0,0.0,0.0,nan %,nan %
Indonesia,02/12/2020,0,0,0,0,0.0,0.0,nan %,nan %
Indonesia,02/13/2020,0,0,0,0,0.0,0.0,nan %,nan %
Indonesia,02/14/2020,0,0,0,0,0.0,0.0,nan %,nan %
Indonesia,02/15/2020,0,0,0,0,0.0,0.0,nan %,nan %
Indonesia,02/16/2020,0,0,0,0,0.0,0.0,nan %,nan %
Indonesia,02/17/2020,0,0,0,0,0.0,0.0,nan %,nan %
Indonesia,02/18/2020,0,0,0,0,0.0,0.0,nan %,nan %
Indonesia,02/19/2020,0,0,0,0,0.0,0.0,nan %,nan %
Indonesia,02/20/2020,0,0,0,0,0.0,0.0,nan %,nan %
Indonesia,02/21/2020,0,0,0,0,0.0,0.0,nan %,nan %
Indonesia,02/22/2020,0,0,0,0,0.0,0.0,nan %,nan %
Indonesia,02/23/2020,0,0,0,0,0.0,0.0,nan %,nan %
Indonesia,02/24/2020,0,0,0,0,0.0,0.0,nan %,nan %
Indonesia,02/25/2020,0,0,0,0,0.0,0.0,nan %,nan %
Indonesia,02/26/2020,0,0,0,0,0.0,0.0,nan %,nan %
Indonesia,02/27/2020,0,0,0,0,0.0,0.0,nan %,nan %
Indonesia,02/28/2020,0,0,0,0,0.0,0.0,nan %,nan %
Indonesia,02/29/2020,0,0,0,0,0.0,0.0,nan %,nan %
Indonesia,03/01/2020,0,0,0,0,0.0,0.0,nan %,nan %
Indonesia,03/02/2020,2,0,0,2,0.0,0.0,0.0 %,0.0 %
Indonesia,03/03/2020,2,0,0,2,0.0,0.0,0.0 %,0.0 %
Indonesia,03/04/2020,2,0,0,2,0.0,0.0,0.0 %,0.0 %
Indonesia,03/05/2020,2,0,0,2,0.0,0.0,0.0 %,0.0 %
Indonesia,03/06/2020,4,0,0,4,0.0,0.0,0.0 %,0.0 %
Indonesia,03/07/2020,4,0,0,4,0.0,0.0,0.0 %,0.0 %
Indonesia,03/08/2020,6,0,0,6,0.0,0.0,0.0 %,0.0 %
Indonesia,03/09/2020,19,0,0,19,0.0,0.0,0.0 %,0.0 %
Indonesia,03/10/2020,27,0,2,25,0.0,0.07407407407407407,0.0 %,7.41 %
Indonesia,03/11/2020,34,1,2,31,0.029411764705882356,0.05882352941176471,2.94 %,5.88 %
Indonesia,03/12/2020,34,1,2,31,0.029411764705882356,0.05882352941176471,2.94 %,5.88 %
Indonesia,03/13/2020,69,4,2,63,0.05797101449275361,0.028985507246376805,5.8 %,2.9 %
Indonesia,03/14/2020,96,5,8,83,0.052083333333333336,0.08333333333333333,5.21 %,8.33 %
Indonesia,03/15/2020,117,5,8,104,0.042735042735042736,0.06837606837606837,4.27 %,6.84 %
Indonesia,03/16/2020,134,5,8,121,0.037313432835820885,0.059701492537313425,3.73 %,5.97 %
Indonesia,03/17/2020,172,5,8,159,0.02906976744186046,0.04651162790697674,2.91 %,4.65 %
Indonesia,03/18/2020,227,19,11,197,0.08370044052863436,0.048458149779735685,8.37 %,4.85 %
Indonesia,03/19/2020,311,25,11,275,0.08038585209003216,0.03536977491961415,8.04 %,3.54 %
Indonesia,03/20/2020,369,32,15,322,0.08672086720867209,0.04065040650406504,8.67 %,4.07 %
Indonesia,03/21/2020,450,38,15,397,0.08444444444444445,0.03333333333333333,8.44 %,3.33 %
Indonesia,03/22/2020,514,48,29,437,0.0933852140077821,0.05642023346303503,9.34 %,5.64 %
Indonesia,03/23/2020,579,49,30,500,0.0846286701208981,0.05181347150259067,8.46 %,5.18 %
Indonesia,03/24/2020,686,55,30,601,0.08017492711370262,0.043731778425655975,8.02 %,4.37 %
Indonesia,03/25/2020,790,58,31,701,0.07341772151898733,0.039240506329113925,7.34 %,3.92 %
Indonesia,03/26/2020,893,78,35,780,0.08734602463605823,0.03919372900335946,8.73 %,3.92 %
Indonesia,03/27/2020,1046,87,46,913,0.08317399617590822,0.04397705544933078,8.32 %,4.4 %
Indonesia,03/28/2020,1155,102,59,994,0.08831168831168831,0.05108225108225108,8.83 %,5.11 %
Indonesia,03/29/2020,1285,114,64,1107,0.088715953307393,0.04980544747081712,8.87 %,4.98 %
Indonesia,03/30/2020,1414,122,75,1217,0.08628005657708628,0.05304101838755304,8.63 %,5.3 %
Indonesia,03/31/2020,1528,136,81,1311,0.08900523560209424,0.05301047120418848,8.9 %,5.3 %
Indonesia,04/01/2020,1677,157,103,1417,0.0936195587358378,0.06141920095408467,9.36 %,6.14 %
Indonesia,04/02/2020,1790,170,112,1508,0.09497206703910614,0.06256983240223464,9.5 %,6.26 %
Indonesia,04/03/2020,1986,181,134,1671,0.09113796576032224,0.06747230614300101,9.11 %,6.75 %
Indonesia,04/04/2020,2092,191,150,1751,0.0913001912045889,0.07170172084130019,9.13 %,7.17 %
Indonesia,04/05/2020,2273,198,164,1911,0.08710954685437748,0.07215134183897932,8.71 %,7.22 %
Indonesia,04/06/2020,2491,209,192,2090,0.08390204737053393,0.07707747892412686,8.39 %,7.71 %
Indonesia,04/07/2020,2738,221,204,2313,0.08071585098612126,0.07450693937180422,8.07 %,7.45 %
Indonesia,04/08/2020,2956,240,222,2494,0.08119079837618404,0.07510148849797023,8.12 %,7.51 %
Indonesia,04/09/2020,3293,280,252,2761,0.08502884907379289,0.07652596416641361,8.5 %,7.65 %
Indonesia,04/10/2020,3512,306,282,2924,0.08712984054669702,0.08029612756264237,8.71 %,8.03 %
Indonesia,04/11/2020,3842,327,286,3229,0.08511192087454451,0.07444039562727746,8.51 %,7.44 %
Indonesia,04/12/2020,4241,373,359,3509,0.08795095496345201,0.08464984673426079,8.8 %,8.46 %
Indonesia,04/13/2020,4557,399,380,3778,0.08755760368663594,0.08338819398727232,8.76 %,8.34 %
Indonesia,04/14/2020,4839,459,426,3954,0.09485430874147552,0.08803471791692498,9.49 %,8.8 %
Indonesia,04/15/2020,5136,469,446,4221,0.09131619937694704,0.08683800623052959,9.13 %,8.68 %
Indonesia,04/16/2020,5516,496,548,4472,0.08992023205221175,0.09934735315445976,8.99 %,9.93 %
Indonesia,04/17/2020,5923,520,607,4796,0.08779334796555799,0.10248185041364173,8.78 %,10.25 %
Indonesia,04/18/2020,6248,535,631,5082,0.08562740076824582,0.10099231754161332,8.56 %,10.1 %
Indonesia,04/19/2020,6575,582,686,5307,0.0885171102661597,0.10433460076045628,8.85 %,10.43 %
Indonesia,04/20/2020,6760,590,747,5423,0.08727810650887574,0.11050295857988164,8.73 %,11.05 %
Indonesia,04/21/2020,7135,616,842,5677,0.08633496846531184,0.11800981079187105,8.63 %,11.8 %
Indonesia,04/22/2020,7418,635,913,5870,0.08560258829873281,0.12307899703424105,8.56 %,12.31 %
Indonesia,04/23/2020,7775,647,960,6168,0.08321543408360127,0.12347266881028937,8.32 %,12.35 %
Indonesia,04/24/2020,8211,689,1002,6520,0.08391182559980515,0.12203142126415785,8.39 %,12.2 %
Indonesia,04/25/2020,8607,720,1042,6845,0.08365284071104914,0.12106425002904612,8.37 %,12.11 %
Indonesia,04/26/2020,8882,743,1107,7032,0.08365233055618104,0.12463409142085115,8.37 %,12.46 %
Indonesia,04/27/2020,9096,765,1151,7180,0.08410290237467019,0.1265391380826737,8.41 %,12.65 %
Thailand,01/22/2020,2,0,0,2,0.0,0.0,0.0 %,0.0 %
Thailand,01/23/2020,3,0,0,3,0.0,0.0,0.0 %,0.0 %
Thailand,01/24/2020,5,0,0,5,0.0,0.0,0.0 %,0.0 %
Thailand,01/25/2020,7,0,0,7,0.0,0.0,0.0 %,0.0 %
Thailand,01/26/2020,8,0,2,6,0.0,0.25,0.0 %,25.0 %
Thailand,01/27/2020,8,0,2,6,0.0,0.25,0.0 %,25.0 %
Thailand,01/28/2020,14,0,5,9,0.0,0.35714285714285715,0.0 %,35.71 %
Thailand,01/29/2020,14,0,5,9,0.0,0.35714285714285715,0.0 %,35.71 %
Thailand,01/30/2020,14,0,5,9,0.0,0.35714285714285715,0.0 %,35.71 %
Thailand,01/31/2020,19,0,5,14,0.0,0.2631578947368421,0.0 %,26.32 %
Thailand,02/01/2020,19,0,5,14,0.0,0.2631578947368421,0.0 %,26.32 %
Thailand,02/02/2020,19,0,5,14,0.0,0.2631578947368421,0.0 %,26.32 %
Thailand,02/03/2020,19,0,5,14,0.0,0.2631578947368421,0.0 %,26.32 %
Thailand,02/04/2020,25,0,5,20,0.0,0.2,0.0 %,20.0 %
Thailand,02/05/2020,25,0,5,20,0.0,0.2,0.0 %,20.0 %
Thailand,02/06/2020,25,0,5,20,0.0,0.2,0.0 %,20.0 %
Thailand,02/07/2020,25,0,5,20,0.0,0.2,0.0 %,20.0 %
Thailand,02/08/2020,32,0,10,22,0.0,0.3125,0.0 %,31.25 %
Thailand,02/09/2020,32,0,10,22,0.0,0.3125,0.0 %,31.25 %
Thailand,02/10/2020,32,0,10,22,0.0,0.3125,0.0 %,31.25 %
Thailand,02/11/2020,33,0,10,23,0.0,0.30303030303030304,0.0 %,30.3 %
Thailand,02/12/2020,33,0,10,23,0.0,0.30303030303030304,0.0 %,30.3 %
Thailand,02/13/2020,33,0,12,21,0.0,0.3636363636363637,0.0 %,36.36 %
Thailand,02/14/2020,33,0,12,21,0.0,0.3636363636363637,0.0 %,36.36 %
Thailand,02/15/2020,33,0,12,21,0.0,0.3636363636363637,0.0 %,36.36 %
Thailand,02/16/2020,34,0,14,20,0.0,0.4117647058823529,0.0 %,41.18 %
Thailand,02/17/2020,35,0,15,20,0.0,0.42857142857142855,0.0 %,42.86 %
Thailand,02/18/2020,35,0,15,20,0.0,0.42857142857142855,0.0 %,42.86 %
Thailand,02/19/2020,35,0,15,20,0.0,0.42857142857142855,0.0 %,42.86 %
Thailand,02/20/2020,35,0,15,20,0.0,0.42857142857142855,0.0 %,42.86 %
Thailand,02/21/2020,35,0,17,18,0.0,0.4857142857142857,0.0 %,48.57 %
Thailand,02/22/2020,35,0,17,18,0.0,0.4857142857142857,0.0 %,48.57 %
Thailand,02/23/2020,35,0,21,14,0.0,0.6,0.0 %,60.0 %
Thailand,02/24/2020,35,0,21,14,0.0,0.6,0.0 %,60.0 %
Thailand,02/25/2020,37,0,22,15,0.0,0.5945945945945946,0.0 %,59.46 %
Thailand,02/26/2020,40,0,22,18,0.0,0.55,0.0 %,55.0 %
Thailand,02/27/2020,40,0,22,18,0.0,0.55,0.0 %,55.0 %
Thailand,02/28/2020,41,0,28,13,0.0,0.6829268292682927,0.0 %,68.29 %
Thailand,02/29/2020,42,0,28,14,0.0,0.6666666666666666,0.0 %,66.67 %
Thailand,03/01/2020,42,1,28,13,0.023809523809523808,0.6666666666666666,2.38 %,66.67 %
Thailand,03/02/2020,43,1,31,11,0.02325581395348837,0.7209302325581395,2.33 %,72.09 %
Thailand,03/03/2020,43,1,31,11,0.02325581395348837,0.7209302325581395,2.33 %,72.09 %
Thailand,03/04/2020,43,1,31,11,0.02325581395348837,0.7209302325581395,2.33 %,72.09 %
Thailand,03/05/2020,47,1,31,15,0.02127659574468085,0.6595744680851063,2.13 %,65.96 %
Thailand,03/06/2020,48,1,31,16,0.02083333333333333,0.6458333333333334,2.08 %,64.58 %
Thailand,03/07/2020,50,1,31,18,0.02,0.62,2.0 %,62.0 %
Thailand,03/08/2020,50,1,31,18,0.02,0.62,2.0 %,62.0 %
Thailand,03/09/2020,50,1,31,18,0.02,0.62,2.0 %,62.0 %
Thailand,03/10/2020,53,1,33,19,0.018867924528301886,0.6226415094339622,1.89 %,62.26 %
Thailand,03/11/2020,59,1,34,24,0.01694915254237288,0.576271186440678,1.69 %,57.63 %
Thailand,03/12/2020,70,1,34,35,0.014285714285714284,0.4857142857142857,1.43 %,48.57 %
Thailand,03/13/2020,75,1,35,39,0.013333333333333334,0.4666666666666667,1.33 %,46.67 %
Thailand,03/14/2020,82,1,35,46,0.012195121951219513,0.4268292682926829,1.22 %,42.68 %
Thailand,03/15/2020,114,1,35,78,0.008771929824561403,0.30701754385964913,0.88 %,30.7 %
Thailand,03/16/2020,147,1,35,111,0.006802721088435374,0.2380952380952381,0.68 %,23.81 %
Thailand,03/17/2020,177,1,41,135,0.005649717514124294,0.23163841807909605,0.56 %,23.16 %
Thailand,03/18/2020,212,1,42,169,0.0047169811320754715,0.19811320754716985,0.47 %,19.81 %
Thailand,03/19/2020,272,1,42,229,0.0036764705882352936,0.15441176470588236,0.37 %,15.44 %
Thailand,03/20/2020,322,1,42,279,0.003105590062111801,0.13043478260869565,0.31 %,13.04 %
Thailand,03/21/2020,411,1,42,368,0.0024330900243309003,0.1021897810218978,0.24 %,10.22 %
Thailand,03/22/2020,599,1,44,554,0.001669449081803005,0.07345575959933222,0.17 %,7.35 %
Thailand,03/23/2020,721,1,52,668,0.0013869625520110955,0.07212205270457697,0.14 %,7.21 %
Thailand,03/24/2020,827,4,52,771,0.004836759371221282,0.06287787182587666,0.48 %,6.29 %
Thailand,03/25/2020,934,4,70,860,0.004282655246252678,0.07494646680942184,0.43 %,7.49 %
Thailand,03/26/2020,1045,4,88,953,0.0038277511961722493,0.08421052631578947,0.38 %,8.42 %
Thailand,03/27/2020,1136,5,97,1034,0.0044014084507042256,0.08538732394366197,0.44 %,8.54 %
Thailand,03/28/2020,1245,6,97,1142,0.004819277108433735,0.07791164658634538,0.48 %,7.79 %
Thailand,03/29/2020,1388,7,97,1284,0.005043227665706053,0.06988472622478388,0.5 %,6.99 %
Thailand,03/30/2020,1524,9,229,1286,0.005905511811023622,0.15026246719160105,0.59 %,15.03 %
Thailand,03/31/2020,1651,10,342,1299,0.006056935190793458,0.20714718352513628,0.61 %,20.71 %
Thailand,04/01/2020,1771,12,505,1254,0.006775832862789385,0.28514963297571994,0.68 %,28.51 %
Thailand,04/02/2020,1875,15,505,1355,0.008,0.2693333333333333,0.8 %,26.93 %
Thailand,04/03/2020,1978,19,612,1347,0.009605662285136502,0.3094034378159757,0.96 %,30.94 %
Thailand,04/04/2020,2067,20,674,1373,0.009675858732462506,0.32607643928398644,0.97 %,32.61 %
Thailand,04/05/2020,2169,23,793,1353,0.010603964960811434,0.3656062701705855,1.06 %,36.56 %
Thailand,04/06/2020,2220,26,793,1401,0.011711711711711712,0.3572072072072072,1.17 %,35.72 %
Thailand,04/07/2020,2258,27,888,1343,0.011957484499557131,0.3932683790965456,1.2 %,39.33 %
Thailand,04/08/2020,2369,30,888,1451,0.01266357112705783,0.37484170536091177,1.27 %,37.48 %
Thailand,04/09/2020,2423,32,940,1451,0.013206768468840282,0.3879488237721833,1.32 %,38.79 %
Thailand,04/10/2020,2473,33,1013,1427,0.013344116457743629,0.4096239385361908,1.33 %,40.96 %
Thailand,04/11/2020,2518,35,1135,1348,0.013899920571882446,0.4507545671167593,1.39 %,45.08 %
Thailand,04/12/2020,2551,38,1218,1295,0.014896119168953352,0.4774598196785574,1.49 %,47.75 %
Thailand,04/13/2020,2579,40,1288,1251,0.01550988755331524,0.4994183792167507,1.55 %,49.94 %
Thailand,04/14/2020,2613,41,1405,1167,0.01569077688480674,0.53769613471106,1.57 %,53.77 %
Thailand,04/15/2020,2643,43,1497,1103,0.016269390843738175,0.5664018161180476,1.63 %,56.64 %
Thailand,04/16/2020,2672,46,1593,1033,0.01721556886227545,0.5961826347305389,1.72 %,59.62 %
Thailand,04/17/2020,2700,47,1689,964,0.017407407407407406,0.6255555555555555,1.74 %,62.56 %
Thailand,04/18/2020,2733,47,1787,899,0.017197219173069888,0.6538602268569338,1.72 %,65.39 %
Thailand,04/19/2020,2765,47,1928,790,0.016998191681735986,0.6972875226039783,1.7 %,69.73 %
Thailand,04/20/2020,2792,47,1999,746,0.01683381088825215,0.7159742120343839,1.68 %,71.6 %
Thailand,04/21/2020,2811,48,2108,655,0.01707577374599787,0.7499110636784062,1.71 %,74.99 %
Thailand,04/22/2020,2826,49,2352,425,0.017338995046001414,0.832271762208068,1.73 %,83.23 %
Thailand,04/23/2020,2839,50,2430,359,0.01761183515322296,0.8559351884466362,1.76 %,85.59 %
Thailand,04/24/2020,2907,51,2547,309,0.017543859649122806,0.8761609907120743,1.75 %,87.62 %
Thailand,04/25/2020,2907,51,2547,309,0.017543859649122806,0.8761609907120743,1.75 %,87.62 %
Thailand,04/26/2020,2922,51,2594,277,0.017453798767967144,0.8877481177275839,1.75 %,88.77 %
Thailand,04/27/2020,2931,52,2609,270,0.017741385192766974,0.8901398839986353,1.77 %,89.01 %
Singapore,01/22/2020,0,0,0,0,0.0,0.0,nan %,nan %
Singapore,01/23/2020,1,0,0,1,0.0,0.0,0.0 %,0.0 %
Singapore,01/24/2020,3,0,0,3,0.0,0.0,0.0 %,0.0 %
Singapore,01/25/2020,3,0,0,3,0.0,0.0,0.0 %,0.0 %
Singapore,01/26/2020,4,0,0,4,0.0,0.0,0.0 %,0.0 %
Singapore,01/27/2020,5,0,0,5,0.0,0.0,0.0 %,0.0 %
Singapore,01/28/2020,7,0,0,7,0.0,0.0,0.0 %,0.0 %
Singapore,01/29/2020,7,0,0,7,0.0,0.0,0.0 %,0.0 %
Singapore,01/30/2020,10,0,0,10,0.0,0.0,0.0 %,0.0 %
Singapore,01/31/2020,13,0,0,13,0.0,0.0,0.0 %,0.0 %
Singapore,02/01/2020,16,0,0,16,0.0,0.0,0.0 %,0.0 %
Singapore,02/02/2020,18,0,0,18,0.0,0.0,0.0 %,0.0 %
Singapore,02/03/2020,18,0,0,18,0.0,0.0,0.0 %,0.0 %
Singapore,02/04/2020,24,0,0,24,0.0,0.0,0.0 %,0.0 %
Singapore,02/05/2020,28,0,0,28,0.0,0.0,0.0 %,0.0 %
Singapore,02/06/2020,28,0,0,28,0.0,0.0,0.0 %,0.0 %
Singapore,02/07/2020,30,0,0,30,0.0,0.0,0.0 %,0.0 %
Singapore,02/08/2020,33,0,2,31,0.0,0.060606060606060615,0.0 %,6.06 %
Singapore,02/09/2020,40,0,2,38,0.0,0.05,0.0 %,5.0 %
Singapore,02/10/2020,45,0,2,43,0.0,0.04444444444444445,0.0 %,4.44 %
Singapore,02/11/2020,47,0,9,38,0.0,0.1914893617021277,0.0 %,19.15 %
Singapore,02/12/2020,50,0,15,35,0.0,0.3,0.0 %,30.0 %
Singapore,02/13/2020,58,0,15,43,0.0,0.25862068965517243,0.0 %,25.86 %
Singapore,02/14/2020,67,0,17,50,0.0,0.2537313432835821,0.0 %,25.37 %
Singapore,02/15/2020,72,0,18,54,0.0,0.25,0.0 %,25.0 %
Singapore,02/16/2020,75,0,18,57,0.0,0.24,0.0 %,24.0 %
Singapore,02/17/2020,77,0,24,53,0.0,0.3116883116883117,0.0 %,31.17 %
Singapore,02/18/2020,81,0,29,52,0.0,0.3580246913580247,0.0 %,35.8 %
Singapore,02/19/2020,84,0,34,50,0.0,0.4047619047619048,0.0 %,40.48 %
Singapore,02/20/2020,84,0,34,50,0.0,0.4047619047619048,0.0 %,40.48 %
Singapore,02/21/2020,85,0,37,48,0.0,0.4352941176470588,0.0 %,43.53 %
Singapore,02/22/2020,85,0,37,48,0.0,0.4352941176470588,0.0 %,43.53 %
Singapore,02/23/2020,89,0,51,38,0.0,0.5730337078651685,0.0 %,57.3 %
Singapore,02/24/2020,89,0,51,38,0.0,0.5730337078651685,0.0 %,57.3 %
Singapore,02/25/2020,91,0,53,38,0.0,0.5824175824175825,0.0 %,58.24 %
Singapore,02/26/2020,93,0,62,31,0.0,0.6666666666666666,0.0 %,66.67 %
Singapore,02/27/2020,93,0,62,31,0.0,0.6666666666666666,0.0 %,66.67 %
Singapore,02/28/2020,93,0,62,31,0.0,0.6666666666666666,0.0 %,66.67 %
Singapore,02/29/2020,102,0,72,30,0.0,0.7058823529411765,0.0 %,70.59 %
Singapore,03/01/2020,106,0,72,34,0.0,0.6792452830188679,0.0 %,67.92 %
Singapore,03/02/2020,108,0,78,30,0.0,0.7222222222222222,0.0 %,72.22 %
Singapore,03/03/2020,110,0,78,32,0.0,0.7090909090909091,0.0 %,70.91 %
Singapore,03/04/2020,110,0,78,32,0.0,0.7090909090909091,0.0 %,70.91 %
Singapore,03/05/2020,117,0,78,39,0.0,0.6666666666666666,0.0 %,66.67 %
Singapore,03/06/2020,130,0,78,52,0.0,0.6,0.0 %,60.0 %
Singapore,03/07/2020,138,0,78,60,0.0,0.5652173913043478,0.0 %,56.52 %
Singapore,03/08/2020,150,0,78,72,0.0,0.52,0.0 %,52.0 %
Singapore,03/09/2020,150,0,78,72,0.0,0.52,0.0 %,52.0 %
Singapore,03/10/2020,160,0,78,82,0.0,0.4875,0.0 %,48.75 %
Singapore,03/11/2020,178,0,96,82,0.0,0.5393258426966292,0.0 %,53.93 %
Singapore,03/12/2020,178,0,96,82,0.0,0.5393258426966292,0.0 %,53.93 %
Singapore,03/13/2020,200,0,97,103,0.0,0.485,0.0 %,48.5 %
Singapore,03/14/2020,212,0,105,107,0.0,0.4952830188679245,0.0 %,49.53 %
Singapore,03/15/2020,226,0,105,121,0.0,0.4646017699115044,0.0 %,46.46 %
Singapore,03/16/2020,243,0,109,134,0.0,0.4485596707818929,0.0 %,44.86 %
Singapore,03/17/2020,266,0,114,152,0.0,0.42857142857142855,0.0 %,42.86 %
Singapore,03/18/2020,313,0,114,199,0.0,0.36421725239616615,0.0 %,36.42 %
Singapore,03/19/2020,345,0,114,231,0.0,0.33043478260869563,0.0 %,33.04 %
Singapore,03/20/2020,385,0,124,261,0.0,0.3220779220779221,0.0 %,32.21 %
Singapore,03/21/2020,432,2,140,290,0.0046296296296296285,0.3240740740740741,0.46 %,32.41 %
Singapore,03/22/2020,455,2,144,309,0.0043956043956043965,0.3164835164835165,0.44 %,31.65 %
Singapore,03/23/2020,509,2,152,355,0.003929273084479371,0.29862475442043224,0.39 %,29.86 %
Singapore,03/24/2020,558,2,156,400,0.003584229390681004,0.27956989247311825,0.36 %,27.96 %
Singapore,03/25/2020,631,2,160,469,0.003169572107765452,0.2535657686212361,0.32 %,25.36 %
Singapore,03/26/2020,683,2,172,509,0.002928257686676428,0.2518301610541728,0.29 %,25.18 %
Singapore,03/27/2020,732,2,183,547,0.00273224043715847,0.25,0.27 %,25.0 %
Singapore,03/28/2020,802,2,198,602,0.002493765586034913,0.2468827930174564,0.25 %,24.69 %
Singapore,03/29/2020,844,3,212,629,0.0035545023696682467,0.25118483412322273,0.36 %,25.12 %
Singapore,03/30/2020,879,3,228,648,0.0034129692832764505,0.2593856655290102,0.34 %,25.94 %
Singapore,03/31/2020,926,3,240,683,0.003239740820734341,0.2591792656587473,0.32 %,25.92 %
Singapore,04/01/2020,1000,3,245,752,0.003,0.245,0.3 %,24.5 %
Singapore,04/02/2020,1049,4,266,779,0.0038131553860819827,0.25357483317445184,0.38 %,25.36 %
Singapore,04/03/2020,1114,5,282,827,0.004488330341113106,0.25314183123877915,0.45 %,25.31 %
Singapore,04/04/2020,1189,6,297,886,0.005046257359125316,0.2497897392767031,0.5 %,24.98 %
Singapore,04/05/2020,1309,6,320,983,0.004583651642475172,0.2444614209320092,0.46 %,24.45 %
Singapore,04/06/2020,1375,6,344,1025,0.004363636363636364,0.25018181818181817,0.44 %,25.02 %
Singapore,04/07/2020,1481,6,377,1098,0.004051316677920324,0.25455773126266035,0.41 %,25.46 %
Singapore,04/08/2020,1623,6,406,1211,0.0036968576709796672,0.2501540357362908,0.37 %,25.02 %
Singapore,04/09/2020,1910,6,460,1444,0.003141361256544503,0.2408376963350785,0.31 %,24.08 %
Singapore,04/10/2020,2108,7,492,1609,0.0033206831119544588,0.2333965844402277,0.33 %,23.34 %
Singapore,04/11/2020,2299,8,528,1763,0.0034797738147020443,0.2296650717703349,0.35 %,22.97 %
Singapore,04/12/2020,2532,8,560,1964,0.00315955766192733,0.2211690363349131,0.32 %,22.12 %
Singapore,04/13/2020,2918,9,586,2323,0.003084304318026045,0.2008224811514736,0.31 %,20.08 %
Singapore,04/14/2020,3252,10,611,2631,0.003075030750307503,0.18788437884378845,0.31 %,18.79 %
Singapore,04/15/2020,3699,10,652,3037,0.002703433360367667,0.1762638550959719,0.27 %,17.63 %
Singapore,04/16/2020,4427,10,683,3734,0.00225886604924328,0.15428055116331602,0.23 %,15.43 %
Singapore,04/17/2020,5050,11,708,4331,0.0021782178217821784,0.1401980198019802,0.22 %,14.02 %
Singapore,04/18/2020,5992,11,740,5241,0.001835781041388518,0.12349799732977305,0.18 %,12.35 %
Singapore,04/19/2020,6588,11,768,5809,0.0016697024893746206,0.11657559198542805,0.17 %,11.66 %
Singapore,04/20/2020,8014,11,801,7202,0.0013725979535812328,0.0999500873471425,0.14 %,10.0 %
Singapore,04/21/2020,9125,11,839,8275,0.0012054794520547946,0.09194520547945204,0.12 %,9.19 %
Singapore,04/22/2020,10141,12,896,9233,0.0011833152549058279,0.08835420569963515,0.12 %,8.84 %
Singapore,04/23/2020,11178,12,924,10242,0.0010735373054213634,0.08266237251744499,0.11 %,8.27 %
Singapore,04/24/2020,12075,12,956,11107,0.0009937888198757764,0.07917184265010352,0.1 %,7.92 %
Singapore,04/25/2020,12693,12,1002,11679,0.0009454029780193807,0.0789411486646183,0.09 %,7.89 %
Singapore,04/26/2020,13624,12,1060,12552,0.0008807985907222549,0.07780387551379918,0.09 %,7.78 %
Singapore,04/27/2020,14423,14,1095,13314,0.0009706718435831658,0.07592040490882618,0.1 %,7.59 %
Malaysia,01/22/2020,0,0,0,0,0.0,0.0,nan %,nan %
Malaysia,01/23/2020,0,0,0,0,0.0,0.0,nan %,nan %
Malaysia,01/24/2020,0,0,0,0,0.0,0.0,nan %,nan %
Malaysia,01/25/2020,3,0,0,3,0.0,0.0,0.0 %,0.0 %
Malaysia,01/26/2020,4,0,0,4,0.0,0.0,0.0 %,0.0 %
Malaysia,01/27/2020,4,0,0,4,0.0,0.0,0.0 %,0.0 %
Malaysia,01/28/2020,4,0,0,4,0.0,0.0,0.0 %,0.0 %
Malaysia,01/29/2020,7,0,0,7,0.0,0.0,0.0 %,0.0 %
Malaysia,01/30/2020,8,0,0,8,0.0,0.0,0.0 %,0.0 %
Malaysia,01/31/2020,8,0,0,8,0.0,0.0,0.0 %,0.0 %
Malaysia,02/01/2020,8,0,0,8,0.0,0.0,0.0 %,0.0 %
Malaysia,02/02/2020,8,0,0,8,0.0,0.0,0.0 %,0.0 %
Malaysia,02/03/2020,8,0,0,8,0.0,0.0,0.0 %,0.0 %
Malaysia,02/04/2020,10,0,0,10,0.0,0.0,0.0 %,0.0 %
Malaysia,02/05/2020,12,0,0,12,0.0,0.0,0.0 %,0.0 %
Malaysia,02/06/2020,12,0,0,12,0.0,0.0,0.0 %,0.0 %
Malaysia,02/07/2020,12,0,1,11,0.0,0.08333333333333333,0.0 %,8.33 %
Malaysia,02/08/2020,16,0,1,15,0.0,0.0625,0.0 %,6.25 %
Malaysia,02/09/2020,16,0,1,15,0.0,0.0625,0.0 %,6.25 %
Malaysia,02/10/2020,18,0,1,17,0.0,0.05555555555555555,0.0 %,5.56 %
Malaysia,02/11/2020,18,0,3,15,0.0,0.16666666666666666,0.0 %,16.67 %
Malaysia,02/12/2020,18,0,3,15,0.0,0.16666666666666666,0.0 %,16.67 %
Malaysia,02/13/2020,19,0,3,16,0.0,0.15789473684210525,0.0 %,15.79 %
Malaysia,02/14/2020,19,0,3,16,0.0,0.15789473684210525,0.0 %,15.79 %
Malaysia,02/15/2020,22,0,7,15,0.0,0.3181818181818182,0.0 %,31.82 %
Malaysia,02/16/2020,22,0,7,15,0.0,0.3181818181818182,0.0 %,31.82 %
Malaysia,02/17/2020,22,0,7,15,0.0,0.3181818181818182,0.0 %,31.82 %
Malaysia,02/18/2020,22,0,13,9,0.0,0.5909090909090909,0.0 %,59.09 %
Malaysia,02/19/2020,22,0,15,7,0.0,0.6818181818181818,0.0 %,68.18 %
Malaysia,02/20/2020,22,0,15,7,0.0,0.6818181818181818,0.0 %,68.18 %
Malaysia,02/21/2020,22,0,15,7,0.0,0.6818181818181818,0.0 %,68.18 %
Malaysia,02/22/2020,22,0,15,7,0.0,0.6818181818181818,0.0 %,68.18 %
Malaysia,02/23/2020,22,0,15,7,0.0,0.6818181818181818,0.0 %,68.18 %
Malaysia,02/24/2020,22,0,18,4,0.0,0.8181818181818182,0.0 %,81.82 %
Malaysia,02/25/2020,22,0,18,4,0.0,0.8181818181818182,0.0 %,81.82 %
Malaysia,02/26/2020,22,0,18,4,0.0,0.8181818181818182,0.0 %,81.82 %
Malaysia,02/27/2020,23,0,18,5,0.0,0.7826086956521741,0.0 %,78.26 %
Malaysia,02/28/2020,23,0,18,5,0.0,0.7826086956521741,0.0 %,78.26 %
Malaysia,02/29/2020,25,0,18,7,0.0,0.72,0.0 %,72.0 %
Malaysia,03/01/2020,29,0,18,11,0.0,0.6206896551724138,0.0 %,62.07 %
Malaysia,03/02/2020,29,0,18,11,0.0,0.6206896551724138,0.0 %,62.07 %
Malaysia,03/03/2020,36,0,22,14,0.0,0.6111111111111112,0.0 %,61.11 %
Malaysia,03/04/2020,50,0,22,28,0.0,0.44,0.0 %,44.0 %
Malaysia,03/05/2020,50,0,22,28,0.0,0.44,0.0 %,44.0 %
Malaysia,03/06/2020,83,0,22,61,0.0,0.26506024096385544,0.0 %,26.51 %
Malaysia,03/07/2020,93,0,23,70,0.0,0.24731182795698925,0.0 %,24.73 %
Malaysia,03/08/2020,99,0,24,75,0.0,0.24242424242424246,0.0 %,24.24 %
Malaysia,03/09/2020,117,0,24,93,0.0,0.20512820512820512,0.0 %,20.51 %
Malaysia,03/10/2020,129,0,24,105,0.0,0.18604651162790695,0.0 %,18.6 %
Malaysia,03/11/2020,149,0,26,123,0.0,0.17449664429530198,0.0 %,17.45 %
Malaysia,03/12/2020,149,0,26,123,0.0,0.17449664429530198,0.0 %,17.45 %
Malaysia,03/13/2020,197,0,26,171,0.0,0.1319796954314721,0.0 %,13.2 %
Malaysia,03/14/2020,238,0,35,203,0.0,0.14705882352941174,0.0 %,14.71 %
Malaysia,03/15/2020,428,0,42,386,0.0,0.09813084112149532,0.0 %,9.81 %
Malaysia,03/16/2020,566,0,42,524,0.0,0.07420494699646643,0.0 %,7.42 %
Malaysia,03/17/2020,673,2,49,622,0.0029717682020802376,0.07280832095096583,0.3 %,7.28 %
Malaysia,03/18/2020,790,2,60,728,0.002531645569620253,0.0759493670886076,0.25 %,7.59 %
Malaysia,03/19/2020,900,2,75,823,0.0022222222222222227,0.08333333333333333,0.22 %,8.33 %
Malaysia,03/20/2020,1030,3,87,940,0.002912621359223301,0.08446601941747572,0.29 %,8.45 %
Malaysia,03/21/2020,1183,4,114,1065,0.0033812341504649195,0.0963651732882502,0.34 %,9.64 %
Malaysia,03/22/2020,1306,10,139,1157,0.007656967840735069,0.10643185298621746,0.77 %,10.64 %
Malaysia,03/23/2020,1518,14,159,1345,0.00922266139657444,0.10474308300395258,0.92 %,10.47 %
Malaysia,03/24/2020,1624,16,183,1425,0.009852216748768471,0.1126847290640394,0.99 %,11.27 %
Malaysia,03/25/2020,1796,20,199,1577,0.0111358574610245,0.11080178173719377,1.11 %,11.08 %
Malaysia,03/26/2020,2031,23,215,1793,0.011324470704086657,0.10585918266863614,1.13 %,10.59 %
Malaysia,03/27/2020,2161,26,259,1876,0.012031466913465988,0.11985192040721887,1.2 %,11.99 %
Malaysia,03/28/2020,2320,27,320,1973,0.01163793103448276,0.13793103448275862,1.16 %,13.79 %
Malaysia,03/29/2020,2470,35,388,2047,0.01417004048582996,0.157085020242915,1.42 %,15.71 %
Malaysia,03/30/2020,2626,37,479,2110,0.014089870525514091,0.1824067022086824,1.41 %,18.24 %
Malaysia,03/31/2020,2766,43,537,2186,0.015545914678235719,0.1941431670281996,1.55 %,19.41 %
Malaysia,04/01/2020,2908,45,645,2218,0.015474552957359009,0.2218019257221458,1.55 %,22.18 %
Malaysia,04/02/2020,3116,50,767,2299,0.016046213093709884,0.2461489088575096,1.6 %,24.61 %
Malaysia,04/03/2020,3333,53,827,2453,0.0159015901590159,0.2481248124812481,1.59 %,24.81 %
Malaysia,04/04/2020,3483,57,915,2511,0.01636520241171404,0.26270456503014644,1.64 %,26.27 %
Malaysia,04/05/2020,3662,61,1005,2596,0.016657564172583288,0.2744401966138722,1.67 %,27.44 %
Malaysia,04/06/2020,3793,62,1241,2490,0.01634590034273662,0.3271816504086475,1.63 %,32.72 %
Malaysia,04/07/2020,3963,63,1321,2579,0.015897047691143074,0.3333333333333333,1.59 %,33.33 %
Malaysia,04/08/2020,4119,65,1487,2567,0.01578052925467346,0.3610099538722991,1.58 %,36.1 %
Malaysia,04/09/2020,4228,67,1608,2553,0.015846736045411543,0.380321665089877,1.58 %,38.03 %
Malaysia,04/10/2020,4346,70,1830,2446,0.016106764841233318,0.4210768522779567,1.61 %,42.11 %
Malaysia,04/11/2020,4530,73,1995,2462,0.016114790286975718,0.4403973509933775,1.61 %,44.04 %
Malaysia,04/12/2020,4683,76,2108,2499,0.016228913089899637,0.4501387999145847,1.62 %,45.01 %
Malaysia,04/13/2020,4817,77,2276,2464,0.015985052937512977,0.4724932530620719,1.6 %,47.25 %
Malaysia,04/14/2020,4987,82,2478,2427,0.01644275115299779,0.4968919189893724,1.64 %,49.69 %
Malaysia,04/15/2020,5072,83,2647,2342,0.016364353312302838,0.5218848580441641,1.64 %,52.19 %
Malaysia,04/16/2020,5182,84,2766,2332,0.016209957545349287,0.5337707448861444,1.62 %,53.38 %
Malaysia,04/17/2020,5251,86,2967,2198,0.016377832793753568,0.5650352313844982,1.64 %,56.5 %
Malaysia,04/18/2020,5305,88,3102,2115,0.016588124410933082,0.5847313854853912,1.66 %,58.47 %
Malaysia,04/19/2020,5389,89,3197,2103,0.016515123399517537,0.5932455000927815,1.65 %,59.32 %
Malaysia,04/20/2020,5425,89,3295,2041,0.01640552995391705,0.6073732718894009,1.64 %,60.74 %
Malaysia,04/21/2020,5482,92,3349,2041,0.016782196278730392,0.6109084275811748,1.68 %,61.09 %
Malaysia,04/22/2020,5532,93,3452,1987,0.016811279826464208,0.6240057845263919,1.68 %,62.4 %
Malaysia,04/23/2020,5603,95,3542,1966,0.01695520257005176,0.6321613421381402,1.7 %,63.22 %
Malaysia,04/24/2020,5691,96,3663,1932,0.01686874011597259,0.6436478650500791,1.69 %,64.36 %
Malaysia,04/25/2020,5742,98,3762,1882,0.017067223963775687,0.6551724137931034,1.71 %,65.52 %
Malaysia,04/26/2020,5780,98,3862,1820,0.016955017301038062,0.668166089965398,1.7 %,66.82 %
Malaysia,04/27/2020,5820,99,3957,1764,0.017010309278350514,0.6798969072164949,1.7 %,67.99 %
Philippines,01/22/2020,0,0,0,0,0.0,0.0,nan %,nan %
Philippines,01/23/2020,0,0,0,0,0.0,0.0,nan %,nan %
Philippines,01/24/2020,0,0,0,0,0.0,0.0,nan %,nan %
Philippines,01/25/2020,0,0,0,0,0.0,0.0,nan %,nan %
Philippines,01/26/2020,0,0,0,0,0.0,0.0,nan %,nan %
Philippines,01/27/2020,0,0,0,0,0.0,0.0,nan %,nan %
Philippines,01/28/2020,0,0,0,0,0.0,0.0,nan %,nan %
Philippines,01/29/2020,0,0,0,0,0.0,0.0,nan %,nan %
Philippines,01/30/2020,1,0,0,1,0.0,0.0,0.0 %,0.0 %
Philippines,01/31/2020,1,0,0,1,0.0,0.0,0.0 %,0.0 %
Philippines,02/01/2020,1,0,0,1,0.0,0.0,0.0 %,0.0 %
Philippines,02/02/2020,2,1,0,1,0.5,0.0,50.0 %,0.0 %
Philippines,02/03/2020,2,1,0,1,0.5,0.0,50.0 %,0.0 %
Philippines,02/04/2020,2,1,0,1,0.5,0.0,50.0 %,0.0 %
Philippines,02/05/2020,2,1,0,1,0.5,0.0,50.0 %,0.0 %
Philippines,02/06/2020,2,1,0,1,0.5,0.0,50.0 %,0.0 %
Philippines,02/07/2020,3,1,0,2,0.3333333333333333,0.0,33.33 %,0.0 %
Philippines,02/08/2020,3,1,0,2,0.3333333333333333,0.0,33.33 %,0.0 %
Philippines,02/09/2020,3,1,0,2,0.3333333333333333,0.0,33.33 %,0.0 %
Philippines,02/10/2020,3,1,0,2,0.3333333333333333,0.0,33.33 %,0.0 %
Philippines,02/11/2020,3,1,0,2,0.3333333333333333,0.0,33.33 %,0.0 %
Philippines,02/12/2020,3,1,1,1,0.3333333333333333,0.3333333333333333,33.33 %,33.33 %
Philippines,02/13/2020,3,1,1,1,0.3333333333333333,0.3333333333333333,33.33 %,33.33 %
Philippines,02/14/2020,3,1,1,1,0.3333333333333333,0.3333333333333333,33.33 %,33.33 %
Philippines,02/15/2020,3,1,1,1,0.3333333333333333,0.3333333333333333,33.33 %,33.33 %
Philippines,02/16/2020,3,1,1,1,0.3333333333333333,0.3333333333333333,33.33 %,33.33 %
Philippines,02/17/2020,3,1,1,1,0.3333333333333333,0.3333333333333333,33.33 %,33.33 %
Philippines,02/18/2020,3,1,1,1,0.3333333333333333,0.3333333333333333,33.33 %,33.33 %
Philippines,02/19/2020,3,1,1,1,0.3333333333333333,0.3333333333333333,33.33 %,33.33 %
Philippines,02/20/2020,3,1,1,1,0.3333333333333333,0.3333333333333333,33.33 %,33.33 %
Philippines,02/21/2020,3,1,1,1,0.3333333333333333,0.3333333333333333,33.33 %,33.33 %
Philippines,02/22/2020,3,1,1,1,0.3333333333333333,0.3333333333333333,33.33 %,33.33 %
Philippines,02/23/2020,3,1,1,1,0.3333333333333333,0.3333333333333333,33.33 %,33.33 %
Philippines,02/24/2020,3,1,1,1,0.3333333333333333,0.3333333333333333,33.33 %,33.33 %
Philippines,02/25/2020,3,1,1,1,0.3333333333333333,0.3333333333333333,33.33 %,33.33 %
Philippines,02/26/2020,3,1,1,1,0.3333333333333333,0.3333333333333333,33.33 %,33.33 %
Philippines,02/27/2020,3,1,1,1,0.3333333333333333,0.3333333333333333,33.33 %,33.33 %
Philippines,02/28/2020,3,1,1,1,0.3333333333333333,0.3333333333333333,33.33 %,33.33 %
Philippines,02/29/2020,3,1,1,1,0.3333333333333333,0.3333333333333333,33.33 %,33.33 %
Philippines,03/01/2020,3,1,1,1,0.3333333333333333,0.3333333333333333,33.33 %,33.33 %
Philippines,03/02/2020,3,1,1,1,0.3333333333333333,0.3333333333333333,33.33 %,33.33 %
Philippines,03/03/2020,3,1,1,1,0.3333333333333333,0.3333333333333333,33.33 %,33.33 %
Philippines,03/04/2020,3,1,1,1,0.3333333333333333,0.3333333333333333,33.33 %,33.33 %
Philippines,03/05/2020,3,1,1,1,0.3333333333333333,0.3333333333333333,33.33 %,33.33 %
Philippines,03/06/2020,5,1,1,3,0.2,0.2,20.0 %,20.0 %
Philippines,03/07/2020,6,1,1,4,0.16666666666666666,0.16666666666666666,16.67 %,16.67 %
Philippines,03/08/2020,10,1,1,8,0.1,0.1,10.0 %,10.0 %
Philippines,03/09/2020,20,1,1,18,0.05,0.05,5.0 %,5.0 %
Philippines,03/10/2020,33,1,2,30,0.030303030303030307,0.060606060606060615,3.03 %,6.06 %
Philippines,03/11/2020,49,1,2,46,0.020408163265306117,0.040816326530612235,2.04 %,4.08 %
Philippines,03/12/2020,52,2,2,48,0.038461538461538464,0.038461538461538464,3.85 %,3.85 %
Philippines,03/13/2020,64,5,2,57,0.078125,0.03125,7.81 %,3.12 %
Philippines,03/14/2020,111,8,2,101,0.07207207207207207,0.018018018018018014,7.21 %,1.8 %
Philippines,03/15/2020,140,11,2,127,0.07857142857142857,0.014285714285714284,7.86 %,1.43 %
Philippines,03/16/2020,142,12,2,128,0.08450704225352113,0.014084507042253518,8.45 %,1.41 %
Philippines,03/17/2020,187,12,5,170,0.06417112299465241,0.026737967914438502,6.42 %,2.67 %
Philippines,03/18/2020,202,19,5,178,0.09405940594059406,0.024752475247524757,9.41 %,2.48 %
Philippines,03/19/2020,217,17,8,192,0.07834101382488479,0.036866359447004615,7.83 %,3.69 %
Philippines,03/20/2020,230,18,8,204,0.0782608695652174,0.034782608695652174,7.83 %,3.48 %
Philippines,03/21/2020,307,19,13,275,0.06188925081433225,0.04234527687296417,6.19 %,4.23 %
Philippines,03/22/2020,380,25,15,340,0.06578947368421052,0.03947368421052632,6.58 %,3.95 %
Philippines,03/23/2020,462,33,18,411,0.07142857142857142,0.03896103896103896,7.14 %,3.9 %
Philippines,03/24/2020,552,35,20,497,0.06340579710144928,0.036231884057971016,6.34 %,3.62 %
Philippines,03/25/2020,636,38,26,572,0.059748427672955975,0.040880503144654086,5.97 %,4.09 %
Philippines,03/26/2020,707,45,28,634,0.06364922206506365,0.0396039603960396,6.36 %,3.96 %
Philippines,03/27/2020,803,54,31,718,0.06724782067247821,0.03860523038605231,6.72 %,3.86 %
Philippines,03/28/2020,1075,68,35,972,0.06325581395348838,0.03255813953488372,6.33 %,3.26 %
Philippines,03/29/2020,1418,71,42,1305,0.05007052186177715,0.02961918194640338,5.01 %,2.96 %
Philippines,03/30/2020,1546,78,42,1426,0.05045278137128072,0.027166882276843468,5.05 %,2.72 %
Philippines,03/31/2020,2084,88,49,1947,0.04222648752399232,0.023512476007677544,4.22 %,2.35 %
Philippines,04/01/2020,2311,96,50,2165,0.04154045867589788,0.02163565556036348,4.15 %,2.16 %
Philippines,04/02/2020,2633,107,51,2475,0.04063805545005697,0.019369540448157998,4.06 %,1.94 %
Philippines,04/03/2020,3018,136,52,2830,0.045062955599734916,0.017229953611663355,4.51 %,1.72 %
Philippines,04/04/2020,3094,144,57,2893,0.04654169360051713,0.01842275371687136,4.65 %,1.84 %
Philippines,04/05/2020,3246,152,64,3030,0.04682686383240912,0.01971657424522489,4.68 %,1.97 %
Philippines,04/06/2020,3660,163,73,3424,0.044535519125683064,0.01994535519125683,4.45 %,1.99 %
Philippines,04/07/2020,3764,177,84,3503,0.047024442082890534,0.022316684378320937,4.7 %,2.23 %
Philippines,04/08/2020,3870,182,96,3592,0.047028423772609816,0.0248062015503876,4.7 %,2.48 %
Philippines,04/09/2020,4076,203,124,3749,0.04980372914622178,0.03042198233562316,4.98 %,3.04 %
Philippines,04/10/2020,4195,221,140,3834,0.05268176400476758,0.033373063170441,5.27 %,3.34 %
Philippines,04/11/2020,4428,247,157,4024,0.055781391147244806,0.035456187895212286,5.58 %,3.55 %
Philippines,04/12/2020,4648,297,197,4154,0.06389845094664373,0.04238382099827883,6.39 %,4.24 %
Philippines,04/13/2020,4932,315,242,4375,0.06386861313868614,0.04906731549067316,6.39 %,4.91 %
Philippines,04/14/2020,5223,335,295,4593,0.06413938349607505,0.056480949645797425,6.41 %,5.65 %
Philippines,04/15/2020,5453,349,353,4751,0.06400146708234,0.06473500825233816,6.4 %,6.47 %
Philippines,04/16/2020,5660,362,435,4863,0.06395759717314488,0.07685512367491168,6.4 %,7.69 %
Philippines,04/17/2020,5878,387,487,5004,0.06583872065328343,0.08285130996937734,6.58 %,8.29 %
Philippines,04/18/2020,6087,397,516,5174,0.06522096270740924,0.08477082306554952,6.52 %,8.48 %
Philippines,04/19/2020,6259,409,572,5278,0.06534590190126219,0.0913884007029877,6.53 %,9.14 %
Philippines,04/20/2020,6459,428,613,5418,0.06626412757392786,0.09490633224957423,6.63 %,9.49 %
Philippines,04/21/2020,6599,437,654,5508,0.0662221548719503,0.09910592514017276,6.62 %,9.91 %
Philippines,04/22/2020,6710,446,693,5571,0.06646795827123696,0.10327868852459016,6.65 %,10.33 %
Philippines,04/23/2020,6981,462,722,5797,0.06617963042544048,0.10342357828391348,6.62 %,10.34 %
Philippines,04/24/2020,7192,477,762,5953,0.06632369299221356,0.10595105672969966,6.63 %,10.6 %
Philippines,04/25/2020,7294,494,792,6008,0.06772689882094872,0.10858239649026598,6.77 %,10.86 %
Philippines,04/26/2020,7579,501,862,6216,0.06610370761314158,0.1137353212824911,6.61 %,11.37 %
Philippines,04/27/2020,7777,511,932,6334,0.06570657065706571,0.11984055548411986,6.57 %,11.98 %
Vietnam,01/22/2020,0,0,0,0,0.0,0.0,nan %,nan %
Vietnam,01/23/2020,2,0,0,2,0.0,0.0,0.0 %,0.0 %
Vietnam,01/24/2020,2,0,0,2,0.0,0.0,0.0 %,0.0 %
Vietnam,01/25/2020,2,0,0,2,0.0,0.0,0.0 %,0.0 %
Vietnam,01/26/2020,2,0,0,2,0.0,0.0,0.0 %,0.0 %
Vietnam,01/27/2020,2,0,0,2,0.0,0.0,0.0 %,0.0 %
Vietnam,01/28/2020,2,0,0,2,0.0,0.0,0.0 %,0.0 %
Vietnam,01/29/2020,2,0,0,2,0.0,0.0,0.0 %,0.0 %
Vietnam,01/30/2020,2,0,0,2,0.0,0.0,0.0 %,0.0 %
Vietnam,01/31/2020,2,0,0,2,0.0,0.0,0.0 %,0.0 %
Vietnam,02/01/2020,6,0,1,5,0.0,0.16666666666666666,0.0 %,16.67 %
Vietnam,02/02/2020,6,0,1,5,0.0,0.16666666666666666,0.0 %,16.67 %
Vietnam,02/03/2020,8,0,1,7,0.0,0.125,0.0 %,12.5 %
Vietnam,02/04/2020,8,0,1,7,0.0,0.125,0.0 %,12.5 %
Vietnam,02/05/2020,8,0,1,7,0.0,0.125,0.0 %,12.5 %
Vietnam,02/06/2020,10,0,1,9,0.0,0.1,0.0 %,10.0 %
Vietnam,02/07/2020,10,0,1,9,0.0,0.1,0.0 %,10.0 %
Vietnam,02/08/2020,13,0,1,12,0.0,0.07692307692307693,0.0 %,7.69 %
Vietnam,02/09/2020,13,0,1,12,0.0,0.07692307692307693,0.0 %,7.69 %
Vietnam,02/10/2020,14,0,1,13,0.0,0.07142857142857142,0.0 %,7.14 %
Vietnam,02/11/2020,15,0,6,9,0.0,0.4,0.0 %,40.0 %
Vietnam,02/12/2020,15,0,6,9,0.0,0.4,0.0 %,40.0 %
Vietnam,02/13/2020,16,0,7,9,0.0,0.4375,0.0 %,43.75 %
Vietnam,02/14/2020,16,0,7,9,0.0,0.4375,0.0 %,43.75 %
Vietnam,02/15/2020,16,0,7,9,0.0,0.4375,0.0 %,43.75 %
Vietnam,02/16/2020,16,0,7,9,0.0,0.4375,0.0 %,43.75 %
Vietnam,02/17/2020,16,0,7,9,0.0,0.4375,0.0 %,43.75 %
Vietnam,02/18/2020,16,0,7,9,0.0,0.4375,0.0 %,43.75 %
Vietnam,02/19/2020,16,0,7,9,0.0,0.4375,0.0 %,43.75 %
Vietnam,02/20/2020,16,0,7,9,0.0,0.4375,0.0 %,43.75 %
Vietnam,02/21/2020,16,0,14,2,0.0,0.875,0.0 %,87.5 %
Vietnam,02/22/2020,16,0,14,2,0.0,0.875,0.0 %,87.5 %
Vietnam,02/23/2020,16,0,14,2,0.0,0.875,0.0 %,87.5 %
Vietnam,02/24/2020,16,0,14,2,0.0,0.875,0.0 %,87.5 %
Vietnam,02/25/2020,16,0,16,0,0.0,1.0,0.0 %,100.0 %
Vietnam,02/26/2020,16,0,16,0,0.0,1.0,0.0 %,100.0 %
Vietnam,02/27/2020,16,0,16,0,0.0,1.0,0.0 %,100.0 %
Vietnam,02/28/2020,16,0,16,0,0.0,1.0,0.0 %,100.0 %
Vietnam,02/29/2020,16,0,16,0,0.0,1.0,0.0 %,100.0 %
Vietnam,03/01/2020,16,0,16,0,0.0,1.0,0.0 %,100.0 %
Vietnam,03/02/2020,16,0,16,0,0.0,1.0,0.0 %,100.0 %
Vietnam,03/03/2020,16,0,16,0,0.0,1.0,0.0 %,100.0 %
Vietnam,03/04/2020,16,0,16,0,0.0,1.0,0.0 %,100.0 %
Vietnam,03/05/2020,16,0,16,0,0.0,1.0,0.0 %,100.0 %
Vietnam,03/06/2020,16,0,16,0,0.0,1.0,0.0 %,100.0 %
Vietnam,03/07/2020,18,0,16,2,0.0,0.8888888888888888,0.0 %,88.89 %
Vietnam,03/08/2020,30,0,16,14,0.0,0.5333333333333333,0.0 %,53.33 %
Vietnam,03/09/2020,30,0,16,14,0.0,0.5333333333333333,0.0 %,53.33 %
Vietnam,03/10/2020,31,0,16,15,0.0,0.5161290322580645,0.0 %,51.61 %
Vietnam,03/11/2020,38,0,16,22,0.0,0.42105263157894735,0.0 %,42.11 %
Vietnam,03/12/2020,39,0,16,23,0.0,0.41025641025641024,0.0 %,41.03 %
Vietnam,03/13/2020,47,0,16,31,0.0,0.3404255319148936,0.0 %,34.04 %
Vietnam,03/14/2020,53,0,16,37,0.0,0.3018867924528302,0.0 %,30.19 %
Vietnam,03/15/2020,56,0,16,40,0.0,0.2857142857142857,0.0 %,28.57 %
Vietnam,03/16/2020,61,0,16,45,0.0,0.26229508196721313,0.0 %,26.23 %
Vietnam,03/17/2020,66,0,16,50,0.0,0.24242424242424246,0.0 %,24.24 %
Vietnam,03/18/2020,75,0,16,59,0.0,0.21333333333333332,0.0 %,21.33 %
Vietnam,03/19/2020,85,0,16,69,0.0,0.18823529411764706,0.0 %,18.82 %
Vietnam,03/20/2020,91,0,16,75,0.0,0.17582417582417584,0.0 %,17.58 %
Vietnam,03/21/2020,94,0,17,77,0.0,0.18085106382978725,0.0 %,18.09 %
Vietnam,03/22/2020,113,0,17,96,0.0,0.1504424778761062,0.0 %,15.04 %
Vietnam,03/23/2020,123,0,17,106,0.0,0.13821138211382114,0.0 %,13.82 %
Vietnam,03/24/2020,134,0,17,117,0.0,0.12686567164179105,0.0 %,12.69 %
Vietnam,03/25/2020,141,0,17,124,0.0,0.12056737588652483,0.0 %,12.06 %
Vietnam,03/26/2020,153,0,20,133,0.0,0.13071895424836602,0.0 %,13.07 %
Vietnam,03/27/2020,163,0,20,143,0.0,0.12269938650306747,0.0 %,12.27 %
Vietnam,03/28/2020,174,0,21,153,0.0,0.1206896551724138,0.0 %,12.07 %
Vietnam,03/29/2020,188,0,25,163,0.0,0.13297872340425532,0.0 %,13.3 %
Vietnam,03/30/2020,203,0,55,148,0.0,0.270935960591133,0.0 %,27.09 %
Vietnam,03/31/2020,212,0,58,154,0.0,0.2735849056603773,0.0 %,27.36 %
Vietnam,04/01/2020,218,0,63,155,0.0,0.2889908256880734,0.0 %,28.9 %
Vietnam,04/02/2020,233,0,75,158,0.0,0.3218884120171674,0.0 %,32.19 %
Vietnam,04/03/2020,237,0,85,152,0.0,0.3586497890295359,0.0 %,35.86 %
Vietnam,04/04/2020,240,0,90,150,0.0,0.375,0.0 %,37.5 %
Vietnam,04/05/2020,241,0,90,151,0.0,0.3734439834024896,0.0 %,37.34 %
Vietnam,04/06/2020,245,0,95,150,0.0,0.3877551020408163,0.0 %,38.78 %
Vietnam,04/07/2020,249,0,123,126,0.0,0.4939759036144578,0.0 %,49.4 %
Vietnam,04/08/2020,251,0,126,125,0.0,0.5019920318725101,0.0 %,50.2 %
Vietnam,04/09/2020,255,0,128,127,0.0,0.5019607843137255,0.0 %,50.2 %
Vietnam,04/10/2020,257,0,144,113,0.0,0.5603112840466926,0.0 %,56.03 %
Vietnam,04/11/2020,258,0,144,114,0.0,0.5581395348837209,0.0 %,55.81 %
Vietnam,04/12/2020,262,0,144,118,0.0,0.5496183206106869,0.0 %,54.96 %
Vietnam,04/13/2020,265,0,146,119,0.0,0.5509433962264151,0.0 %,55.09 %
Vietnam,04/14/2020,266,0,169,97,0.0,0.6353383458646616,0.0 %,63.53 %
Vietnam,04/15/2020,267,0,171,96,0.0,0.6404494382022472,0.0 %,64.04 %
Vietnam,04/16/2020,268,0,177,91,0.0,0.6604477611940298,0.0 %,66.04 %
Vietnam,04/17/2020,268,0,198,70,0.0,0.7388059701492538,0.0 %,73.88 %
Vietnam,04/18/2020,268,0,201,67,0.0,0.75,0.0 %,75.0 %
Vietnam,04/19/2020,268,0,202,66,0.0,0.753731343283582,0.0 %,75.37 %
Vietnam,04/20/2020,268,0,214,54,0.0,0.7985074626865671,0.0 %,79.85 %
Vietnam,04/21/2020,268,0,216,52,0.0,0.8059701492537313,0.0 %,80.6 %
Vietnam,04/22/2020,268,0,223,45,0.0,0.8320895522388059,0.0 %,83.21 %
Vietnam,04/23/2020,268,0,224,44,0.0,0.8358208955223879,0.0 %,83.58 %
Vietnam,04/24/2020,270,0,220,50,0.0,0.8148148148148148,0.0 %,81.48 %
Vietnam,04/25/2020,270,0,225,45,0.0,0.8333333333333334,0.0 %,83.33 %
Vietnam,04/26/2020,270,0,225,45,0.0,0.8333333333333334,0.0 %,83.33 %
Vietnam,04/27/2020,270,0,225,45,0.0,0.8333333333333334,0.0 %,83.33 %
Cambodia,01/22/2020,0,0,0,0,0.0,0.0,nan %,nan %
Cambodia,01/23/2020,0,0,0,0,0.0,0.0,nan %,nan %
Cambodia,01/24/2020,0,0,0,0,0.0,0.0,nan %,nan %
Cambodia,01/25/2020,0,0,0,0,0.0,0.0,nan %,nan %
Cambodia,01/26/2020,0,0,0,0,0.0,0.0,nan %,nan %
Cambodia,01/27/2020,1,0,0,1,0.0,0.0,0.0 %,0.0 %
Cambodia,01/28/2020,1,0,0,1,0.0,0.0,0.0 %,0.0 %
Cambodia,01/29/2020,1,0,0,1,0.0,0.0,0.0 %,0.0 %
Cambodia,01/30/2020,1,0,0,1,0.0,0.0,0.0 %,0.0 %
Cambodia,01/31/2020,1,0,0,1,0.0,0.0,0.0 %,0.0 %
Cambodia,02/01/2020,1,0,0,1,0.0,0.0,0.0 %,0.0 %
Cambodia,02/02/2020,1,0,0,1,0.0,0.0,0.0 %,0.0 %
Cambodia,02/03/2020,1,0,0,1,0.0,0.0,0.0 %,0.0 %
Cambodia,02/04/2020,1,0,0,1,0.0,0.0,0.0 %,0.0 %
Cambodia,02/05/2020,1,0,0,1,0.0,0.0,0.0 %,0.0 %
Cambodia,02/06/2020,1,0,0,1,0.0,0.0,0.0 %,0.0 %
Cambodia,02/07/2020,1,0,0,1,0.0,0.0,0.0 %,0.0 %
Cambodia,02/08/2020,1,0,0,1,0.0,0.0,0.0 %,0.0 %
Cambodia,02/09/2020,1,0,0,1,0.0,0.0,0.0 %,0.0 %
Cambodia,02/10/2020,1,0,0,1,0.0,0.0,0.0 %,0.0 %
Cambodia,02/11/2020,1,0,0,1,0.0,0.0,0.0 %,0.0 %
Cambodia,02/12/2020,1,0,1,0,0.0,1.0,0.0 %,100.0 %
Cambodia,02/13/2020,1,0,1,0,0.0,1.0,0.0 %,100.0 %
Cambodia,02/14/2020,1,0,1,0,0.0,1.0,0.0 %,100.0 %
Cambodia,02/15/2020,1,0,1,0,0.0,1.0,0.0 %,100.0 %
Cambodia,02/16/2020,1,0,1,0,0.0,1.0,0.0 %,100.0 %
Cambodia,02/17/2020,1,0,1,0,0.0,1.0,0.0 %,100.0 %
Cambodia,02/18/2020,1,0,1,0,0.0,1.0,0.0 %,100.0 %
Cambodia,02/19/2020,1,0,1,0,0.0,1.0,0.0 %,100.0 %
Cambodia,02/20/2020,1,0,1,0,0.0,1.0,0.0 %,100.0 %
Cambodia,02/21/2020,1,0,1,0,0.0,1.0,0.0 %,100.0 %
Cambodia,02/22/2020,1,0,1,0,0.0,1.0,0.0 %,100.0 %
Cambodia,02/23/2020,1,0,1,0,0.0,1.0,0.0 %,100.0 %
Cambodia,02/24/2020,1,0,1,0,0.0,1.0,0.0 %,100.0 %
Cambodia,02/25/2020,1,0,1,0,0.0,1.0,0.0 %,100.0 %
Cambodia,02/26/2020,1,0,1,0,0.0,1.0,0.0 %,100.0 %
Cambodia,02/27/2020,1,0,1,0,0.0,1.0,0.0 %,100.0 %
Cambodia,02/28/2020,1,0,1,0,0.0,1.0,0.0 %,100.0 %
Cambodia,02/29/2020,1,0,1,0,0.0,1.0,0.0 %,100.0 %
Cambodia,03/01/2020,1,0,1,0,0.0,1.0,0.0 %,100.0 %
Cambodia,03/02/2020,1,0,1,0,0.0,1.0,0.0 %,100.0 %
Cambodia,03/03/2020,1,0,1,0,0.0,1.0,0.0 %,100.0 %
Cambodia,03/04/2020,1,0,1,0,0.0,1.0,0.0 %,100.0 %
Cambodia,03/05/2020,1,0,1,0,0.0,1.0,0.0 %,100.0 %
Cambodia,03/06/2020,1,0,1,0,0.0,1.0,0.0 %,100.0 %
Cambodia,03/07/2020,1,0,1,0,0.0,1.0,0.0 %,100.0 %
Cambodia,03/08/2020,2,0,1,1,0.0,0.5,0.0 %,50.0 %
Cambodia,03/09/2020,2,0,1,1,0.0,0.5,0.0 %,50.0 %
Cambodia,03/10/2020,2,0,1,1,0.0,0.5,0.0 %,50.0 %
Cambodia,03/11/2020,3,0,1,2,0.0,0.3333333333333333,0.0 %,33.33 %
Cambodia,03/12/2020,3,0,1,2,0.0,0.3333333333333333,0.0 %,33.33 %
Cambodia,03/13/2020,5,0,1,4,0.0,0.2,0.0 %,20.0 %
Cambodia,03/14/2020,7,0,1,6,0.0,0.14285714285714285,0.0 %,14.29 %
Cambodia,03/15/2020,7,0,1,6,0.0,0.14285714285714285,0.0 %,14.29 %
Cambodia,03/16/2020,7,0,1,6,0.0,0.14285714285714285,0.0 %,14.29 %
Cambodia,03/17/2020,33,0,1,32,0.0,0.030303030303030307,0.0 %,3.03 %
Cambodia,03/18/2020,35,0,1,34,0.0,0.028571428571428567,0.0 %,2.86 %
Cambodia,03/19/2020,37,0,1,36,0.0,0.027027027027027032,0.0 %,2.7 %
Cambodia,03/20/2020,51,0,1,50,0.0,0.0196078431372549,0.0 %,1.96 %
Cambodia,03/21/2020,53,0,1,52,0.0,0.018867924528301886,0.0 %,1.89 %
Cambodia,03/22/2020,84,0,2,82,0.0,0.023809523809523808,0.0 %,2.38 %
Cambodia,03/23/2020,87,0,2,85,0.0,0.02298850574712644,0.0 %,2.3 %
Cambodia,03/24/2020,91,0,4,87,0.0,0.04395604395604396,0.0 %,4.4 %
Cambodia,03/25/2020,96,0,10,86,0.0,0.10416666666666667,0.0 %,10.42 %
Cambodia,03/26/2020,96,0,10,86,0.0,0.10416666666666667,0.0 %,10.42 %
Cambodia,03/27/2020,99,0,11,88,0.0,0.1111111111111111,0.0 %,11.11 %
Cambodia,03/28/2020,99,0,13,86,0.0,0.13131313131313133,0.0 %,13.13 %
Cambodia,03/29/2020,103,0,21,82,0.0,0.20388349514563106,0.0 %,20.39 %
Cambodia,03/30/2020,107,0,21,86,0.0,0.19626168224299065,0.0 %,19.63 %
Cambodia,03/31/2020,109,0,23,86,0.0,0.21100917431192664,0.0 %,21.1 %
Cambodia,04/01/2020,109,0,25,84,0.0,0.22935779816513766,0.0 %,22.94 %
Cambodia,04/02/2020,110,0,34,76,0.0,0.3090909090909091,0.0 %,30.91 %
Cambodia,04/03/2020,114,0,35,79,0.0,0.30701754385964913,0.0 %,30.7 %
Cambodia,04/04/2020,114,0,50,64,0.0,0.43859649122807015,0.0 %,43.86 %
Cambodia,04/05/2020,114,0,50,64,0.0,0.43859649122807015,0.0 %,43.86 %
Cambodia,04/06/2020,114,0,53,61,0.0,0.4649122807017544,0.0 %,46.49 %
Cambodia,04/07/2020,115,0,58,57,0.0,0.5043478260869565,0.0 %,50.43 %
Cambodia,04/08/2020,117,0,63,54,0.0,0.5384615384615384,0.0 %,53.85 %
Cambodia,04/09/2020,119,0,62,57,0.0,0.5210084033613446,0.0 %,52.1 %
Cambodia,04/10/2020,119,0,72,47,0.0,0.6050420168067226,0.0 %,60.5 %
Cambodia,04/11/2020,120,0,75,45,0.0,0.625,0.0 %,62.5 %
Cambodia,04/12/2020,122,0,77,45,0.0,0.6311475409836066,0.0 %,63.11 %
Cambodia,04/13/2020,122,0,77,45,0.0,0.6311475409836066,0.0 %,63.11 %
Cambodia,04/14/2020,122,0,91,31,0.0,0.7459016393442623,0.0 %,74.59 %
Cambodia,04/15/2020,122,0,96,26,0.0,0.7868852459016393,0.0 %,78.69 %
Cambodia,04/16/2020,122,0,98,24,0.0,0.8032786885245902,0.0 %,80.33 %
Cambodia,04/17/2020,122,0,98,24,0.0,0.8032786885245902,0.0 %,80.33 %
Cambodia,04/18/2020,122,0,103,19,0.0,0.8442622950819673,0.0 %,84.43 %
Cambodia,04/19/2020,122,0,105,17,0.0,0.860655737704918,0.0 %,86.07 %
Cambodia,04/20/2020,122,0,107,15,0.0,0.8770491803278688,0.0 %,87.7 %
Cambodia,04/21/2020,122,0,110,12,0.0,0.9016393442622952,0.0 %,90.16 %
Cambodia,04/22/2020,122,0,110,12,0.0,0.9016393442622952,0.0 %,90.16 %
Cambodia,04/23/2020,122,0,110,12,0.0,0.9016393442622952,0.0 %,90.16 %
Cambodia,04/24/2020,122,0,117,5,0.0,0.9590163934426228,0.0 %,95.9 %
Cambodia,04/25/2020,122,0,117,5,0.0,0.9590163934426228,0.0 %,95.9 %
Cambodia,04/26/2020,122,0,117,5,0.0,0.9590163934426228,0.0 %,95.9 %
Cambodia,04/27/2020,122,0,119,3,0.0,0.9754098360655736,0.0 %,97.54 %
Laos,01/22/2020,0,0,0,0,0.0,0.0,nan %,nan %
Laos,01/23/2020,0,0,0,0,0.0,0.0,nan %,nan %
Laos,01/24/2020,0,0,0,0,0.0,0.0,nan %,nan %
Laos,01/25/2020,0,0,0,0,0.0,0.0,nan %,nan %
Laos,01/26/2020,0,0,0,0,0.0,0.0,nan %,nan %
Laos,01/27/2020,0,0,0,0,0.0,0.0,nan %,nan %
Laos,01/28/2020,0,0,0,0,0.0,0.0,nan %,nan %
Laos,01/29/2020,0,0,0,0,0.0,0.0,nan %,nan %
Laos,01/30/2020,0,0,0,0,0.0,0.0,nan %,nan %
Laos,01/31/2020,0,0,0,0,0.0,0.0,nan %,nan %
Laos,02/01/2020,0,0,0,0,0.0,0.0,nan %,nan %
Laos,02/02/2020,0,0,0,0,0.0,0.0,nan %,nan %
Laos,02/03/2020,0,0,0,0,0.0,0.0,nan %,nan %
Laos,02/04/2020,0,0,0,0,0.0,0.0,nan %,nan %
Laos,02/05/2020,0,0,0,0,0.0,0.0,nan %,nan %
Laos,02/06/2020,0,0,0,0,0.0,0.0,nan %,nan %
Laos,02/07/2020,0,0,0,0,0.0,0.0,nan %,nan %
Laos,02/08/2020,0,0,0,0,0.0,0.0,nan %,nan %
Laos,02/09/2020,0,0,0,0,0.0,0.0,nan %,nan %
Laos,02/10/2020,0,0,0,0,0.0,0.0,nan %,nan %
Laos,02/11/2020,0,0,0,0,0.0,0.0,nan %,nan %
Laos,02/12/2020,0,0,0,0,0.0,0.0,nan %,nan %
Laos,02/13/2020,0,0,0,0,0.0,0.0,nan %,nan %
Laos,02/14/2020,0,0,0,0,0.0,0.0,nan %,nan %
Laos,02/15/2020,0,0,0,0,0.0,0.0,nan %,nan %
Laos,02/16/2020,0,0,0,0,0.0,0.0,nan %,nan %
Laos,02/17/2020,0,0,0,0,0.0,0.0,nan %,nan %
Laos,02/18/2020,0,0,0,0,0.0,0.0,nan %,nan %
Laos,02/19/2020,0,0,0,0,0.0,0.0,nan %,nan %
Laos,02/20/2020,0,0,0,0,0.0,0.0,nan %,nan %
Laos,02/21/2020,0,0,0,0,0.0,0.0,nan %,nan %
Laos,02/22/2020,0,0,0,0,0.0,0.0,nan %,nan %
Laos,02/23/2020,0,0,0,0,0.0,0.0,nan %,nan %
Laos,02/24/2020,0,0,0,0,0.0,0.0,nan %,nan %
Laos,02/25/2020,0,0,0,0,0.0,0.0,nan %,nan %
Laos,02/26/2020,0,0,0,0,0.0,0.0,nan %,nan %
Laos,02/27/2020,0,0,0,0,0.0,0.0,nan %,nan %
Laos,02/28/2020,0,0,0,0,0.0,0.0,nan %,nan %
Laos,02/29/2020,0,0,0,0,0.0,0.0,nan %,nan %
Laos,03/01/2020,0,0,0,0,0.0,0.0,nan %,nan %
Laos,03/02/2020,0,0,0,0,0.0,0.0,nan %,nan %
Laos,03/03/2020,0,0,0,0,0.0,0.0,nan %,nan %
Laos,03/04/2020,0,0,0,0,0.0,0.0,nan %,nan %
Laos,03/05/2020,0,0,0,0,0.0,0.0,nan %,nan %
Laos,03/06/2020,0,0,0,0,0.0,0.0,nan %,nan %
Laos,03/07/2020,0,0,0,0,0.0,0.0,nan %,nan %
Laos,03/08/2020,0,0,0,0,0.0,0.0,nan %,nan %
Laos,03/09/2020,0,0,0,0,0.0,0.0,nan %,nan %
Laos,03/10/2020,0,0,0,0,0.0,0.0,nan %,nan %
Laos,03/11/2020,0,0,0,0,0.0,0.0,nan %,nan %
Laos,03/12/2020,0,0,0,0,0.0,0.0,nan %,nan %
Laos,03/13/2020,0,0,0,0,0.0,0.0,nan %,nan %
Laos,03/14/2020,0,0,0,0,0.0,0.0,nan %,nan %
Laos,03/15/2020,0,0,0,0,0.0,0.0,nan %,nan %
Laos,03/16/2020,0,0,0,0,0.0,0.0,nan %,nan %
Laos,03/17/2020,0,0,0,0,0.0,0.0,nan %,nan %
Laos,03/18/2020,0,0,0,0,0.0,0.0,nan %,nan %
Laos,03/19/2020,0,0,0,0,0.0,0.0,nan %,nan %
Laos,03/20/2020,0,0,0,0,0.0,0.0,nan %,nan %
Laos,03/21/2020,0,0,0,0,0.0,0.0,nan %,nan %
Laos,03/22/2020,0,0,0,0,0.0,0.0,nan %,nan %
Laos,03/23/2020,0,0,0,0,0.0,0.0,nan %,nan %
Laos,03/24/2020,2,0,0,2,0.0,0.0,0.0 %,0.0 %
Laos,03/25/2020,3,0,0,3,0.0,0.0,0.0 %,0.0 %
Laos,03/26/2020,6,0,0,6,0.0,0.0,0.0 %,0.0 %
Laos,03/27/2020,6,0,0,6,0.0,0.0,0.0 %,0.0 %
Laos,03/28/2020,8,0,0,8,0.0,0.0,0.0 %,0.0 %
Laos,03/29/2020,8,0,0,8,0.0,0.0,0.0 %,0.0 %
Laos,03/30/2020,8,0,0,8,0.0,0.0,0.0 %,0.0 %
Laos,03/31/2020,9,0,0,9,0.0,0.0,0.0 %,0.0 %
Laos,04/01/2020,10,0,0,10,0.0,0.0,0.0 %,0.0 %
Laos,04/02/2020,10,0,0,10,0.0,0.0,0.0 %,0.0 %
Laos,04/03/2020,10,0,0,10,0.0,0.0,0.0 %,0.0 %
Laos,04/04/2020,10,0,0,10,0.0,0.0,0.0 %,0.0 %
Laos,04/05/2020,11,0,0,11,0.0,0.0,0.0 %,0.0 %
Laos,04/06/2020,12,0,0,12,0.0,0.0,0.0 %,0.0 %
Laos,04/07/2020,14,0,0,14,0.0,0.0,0.0 %,0.0 %
Laos,04/08/2020,15,0,0,15,0.0,0.0,0.0 %,0.0 %
Laos,04/09/2020,16,0,0,16,0.0,0.0,0.0 %,0.0 %
Laos,04/10/2020,16,0,0,16,0.0,0.0,0.0 %,0.0 %
Laos,04/11/2020,18,0,0,18,0.0,0.0,0.0 %,0.0 %
Laos,04/12/2020,19,0,0,19,0.0,0.0,0.0 %,0.0 %
Laos,04/13/2020,19,0,0,19,0.0,0.0,0.0 %,0.0 %
Laos,04/14/2020,19,0,1,18,0.0,0.05263157894736842,0.0 %,5.26 %
Laos,04/15/2020,19,0,1,18,0.0,0.05263157894736842,0.0 %,5.26 %
Laos,04/16/2020,19,0,2,17,0.0,0.10526315789473684,0.0 %,10.53 %
Laos,04/17/2020,19,0,2,17,0.0,0.10526315789473684,0.0 %,10.53 %
Laos,04/18/2020,19,0,2,17,0.0,0.10526315789473684,0.0 %,10.53 %
Laos,04/19/2020,19,0,2,17,0.0,0.10526315789473684,0.0 %,10.53 %
Laos,04/20/2020,19,0,2,17,0.0,0.10526315789473684,0.0 %,10.53 %
Laos,04/21/2020,19,0,2,17,0.0,0.10526315789473684,0.0 %,10.53 %
Laos,04/22/2020,19,0,4,15,0.0,0.21052631578947367,0.0 %,21.05 %
Laos,04/23/2020,19,0,4,15,0.0,0.21052631578947367,0.0 %,21.05 %
Laos,04/24/2020,19,0,4,15,0.0,0.21052631578947367,0.0 %,21.05 %
Laos,04/25/2020,19,0,7,12,0.0,0.3684210526315789,0.0 %,36.84 %
Laos,04/26/2020,19,0,7,12,0.0,0.3684210526315789,0.0 %,36.84 %
Laos,04/27/2020,19,0,7,12,0.0,0.3684210526315789,0.0 %,36.84 %
Brunei,01/22/2020,0,0,0,0,0.0,0.0,nan %,nan %
Brunei,01/23/2020,0,0,0,0,0.0,0.0,nan %,nan %
Brunei,01/24/2020,0,0,0,0,0.0,0.0,nan %,nan %
Brunei,01/25/2020,0,0,0,0,0.0,0.0,nan %,nan %
Brunei,01/26/2020,0,0,0,0,0.0,0.0,nan %,nan %
Brunei,01/27/2020,0,0,0,0,0.0,0.0,nan %,nan %
Brunei,01/28/2020,0,0,0,0,0.0,0.0,nan %,nan %
Brunei,01/29/2020,0,0,0,0,0.0,0.0,nan %,nan %
Brunei,01/30/2020,0,0,0,0,0.0,0.0,nan %,nan %
Brunei,01/31/2020,0,0,0,0,0.0,0.0,nan %,nan %
Brunei,02/01/2020,0,0,0,0,0.0,0.0,nan %,nan %
Brunei,02/02/2020,0,0,0,0,0.0,0.0,nan %,nan %
Brunei,02/03/2020,0,0,0,0,0.0,0.0,nan %,nan %
Brunei,02/04/2020,0,0,0,0,0.0,0.0,nan %,nan %
Brunei,02/05/2020,0,0,0,0,0.0,0.0,nan %,nan %
Brunei,02/06/2020,0,0,0,0,0.0,0.0,nan %,nan %
Brunei,02/07/2020,0,0,0,0,0.0,0.0,nan %,nan %
Brunei,02/08/2020,0,0,0,0,0.0,0.0,nan %,nan %
Brunei,02/09/2020,0,0,0,0,0.0,0.0,nan %,nan %
Brunei,02/10/2020,0,0,0,0,0.0,0.0,nan %,nan %
Brunei,02/11/2020,0,0,0,0,0.0,0.0,nan %,nan %
Brunei,02/12/2020,0,0,0,0,0.0,0.0,nan %,nan %
Brunei,02/13/2020,0,0,0,0,0.0,0.0,nan %,nan %
Brunei,02/14/2020,0,0,0,0,0.0,0.0,nan %,nan %
Brunei,02/15/2020,0,0,0,0,0.0,0.0,nan %,nan %
Brunei,02/16/2020,0,0,0,0,0.0,0.0,nan %,nan %
Brunei,02/17/2020,0,0,0,0,0.0,0.0,nan %,nan %
Brunei,02/18/2020,0,0,0,0,0.0,0.0,nan %,nan %
Brunei,02/19/2020,0,0,0,0,0.0,0.0,nan %,nan %
Brunei,02/20/2020,0,0,0,0,0.0,0.0,nan %,nan %
Brunei,02/21/2020,0,0,0,0,0.0,0.0,nan %,nan %
Brunei,02/22/2020,0,0,0,0,0.0,0.0,nan %,nan %
Brunei,02/23/2020,0,0,0,0,0.0,0.0,nan %,nan %
Brunei,02/24/2020,0,0,0,0,0.0,0.0,nan %,nan %
Brunei,02/25/2020,0,0,0,0,0.0,0.0,nan %,nan %
Brunei,02/26/2020,0,0,0,0,0.0,0.0,nan %,nan %
Brunei,02/27/2020,0,0,0,0,0.0,0.0,nan %,nan %
Brunei,02/28/2020,0,0,0,0,0.0,0.0,nan %,nan %
Brunei,02/29/2020,0,0,0,0,0.0,0.0,nan %,nan %
Brunei,03/01/2020,0,0,0,0,0.0,0.0,nan %,nan %
Brunei,03/02/2020,0,0,0,0,0.0,0.0,nan %,nan %
Brunei,03/03/2020,0,0,0,0,0.0,0.0,nan %,nan %
Brunei,03/04/2020,0,0,0,0,0.0,0.0,nan %,nan %
Brunei,03/05/2020,0,0,0,0,0.0,0.0,nan %,nan %
Brunei,03/06/2020,0,0,0,0,0.0,0.0,nan %,nan %
Brunei,03/07/2020,0,0,0,0,0.0,0.0,nan %,nan %
Brunei,03/08/2020,0,0,0,0,0.0,0.0,nan %,nan %
Brunei,03/09/2020,1,0,0,1,0.0,0.0,0.0 %,0.0 %
Brunei,03/10/2020,1,0,0,1,0.0,0.0,0.0 %,0.0 %
Brunei,03/11/2020,11,0,0,11,0.0,0.0,0.0 %,0.0 %
Brunei,03/12/2020,11,0,0,11,0.0,0.0,0.0 %,0.0 %
Brunei,03/13/2020,37,0,0,37,0.0,0.0,0.0 %,0.0 %
Brunei,03/14/2020,40,0,0,40,0.0,0.0,0.0 %,0.0 %
Brunei,03/15/2020,50,0,0,50,0.0,0.0,0.0 %,0.0 %
Brunei,03/16/2020,54,0,0,54,0.0,0.0,0.0 %,0.0 %
Brunei,03/17/2020,56,0,0,56,0.0,0.0,0.0 %,0.0 %
Brunei,03/18/2020,68,0,0,68,0.0,0.0,0.0 %,0.0 %
Brunei,03/19/2020,75,0,0,75,0.0,0.0,0.0 %,0.0 %
Brunei,03/20/2020,78,0,1,77,0.0,0.01282051282051282,0.0 %,1.28 %
Brunei,03/21/2020,83,0,2,81,0.0,0.024096385542168683,0.0 %,2.41 %
Brunei,03/22/2020,88,0,2,86,0.0,0.022727272727272728,0.0 %,2.27 %
Brunei,03/23/2020,91,0,2,89,0.0,0.02197802197802198,0.0 %,2.2 %
Brunei,03/24/2020,104,0,2,102,0.0,0.019230769230769232,0.0 %,1.92 %
Brunei,03/25/2020,109,0,2,107,0.0,0.01834862385321101,0.0 %,1.83 %
Brunei,03/26/2020,114,0,5,109,0.0,0.04385964912280702,0.0 %,4.39 %
Brunei,03/27/2020,115,0,11,104,0.0,0.09565217391304348,0.0 %,9.57 %
Brunei,03/28/2020,120,1,25,94,0.008333333333333333,0.20833333333333331,0.83 %,20.83 %
Brunei,03/29/2020,126,1,34,91,0.007936507936507936,0.2698412698412698,0.79 %,26.98 %
Brunei,03/30/2020,127,1,38,88,0.007874015748031496,0.2992125984251969,0.79 %,29.92 %
Brunei,03/31/2020,129,1,45,83,0.007751937984496123,0.3488372093023256,0.78 %,34.88 %
Brunei,04/01/2020,131,1,52,78,0.0076335877862595426,0.3969465648854962,0.76 %,39.69 %
Brunei,04/02/2020,133,1,56,76,0.0075187969924812035,0.42105263157894735,0.75 %,42.11 %
Brunei,04/03/2020,134,1,65,68,0.00746268656716418,0.4850746268656717,0.75 %,48.51 %
Brunei,04/04/2020,135,1,66,68,0.007407407407407408,0.4888888888888889,0.74 %,48.89 %
Brunei,04/05/2020,135,1,73,61,0.007407407407407408,0.5407407407407407,0.74 %,54.07 %
Brunei,04/06/2020,135,1,82,52,0.007407407407407408,0.6074074074074074,0.74 %,60.74 %
Brunei,04/07/2020,135,1,85,49,0.007407407407407408,0.6296296296296297,0.74 %,62.96 %
Brunei,04/08/2020,135,1,91,43,0.007407407407407408,0.674074074074074,0.74 %,67.41 %
Brunei,04/09/2020,135,1,92,42,0.007407407407407408,0.6814814814814815,0.74 %,68.15 %
Brunei,04/10/2020,136,1,99,36,0.007352941176470587,0.7279411764705882,0.74 %,72.79 %
Brunei,04/11/2020,136,1,104,31,0.007352941176470587,0.7647058823529411,0.74 %,76.47 %
Brunei,04/12/2020,136,1,106,29,0.007352941176470587,0.7794117647058824,0.74 %,77.94 %
Brunei,04/13/2020,136,1,107,28,0.007352941176470587,0.7867647058823529,0.74 %,78.68 %
Brunei,04/14/2020,136,1,107,28,0.007352941176470587,0.7867647058823529,0.74 %,78.68 %
Brunei,04/15/2020,136,1,108,27,0.007352941176470587,0.7941176470588235,0.74 %,79.41 %
Brunei,04/16/2020,136,1,108,27,0.007352941176470587,0.7941176470588235,0.74 %,79.41 %
Brunei,04/17/2020,136,1,112,23,0.007352941176470587,0.8235294117647058,0.74 %,82.35 %
Brunei,04/18/2020,137,1,113,23,0.007299270072992701,0.8248175182481752,0.73 %,82.48 %
Brunei,04/19/2020,138,1,115,22,0.007246376811594203,0.8333333333333334,0.72 %,83.33 %
Brunei,04/20/2020,138,1,116,21,0.007246376811594203,0.8405797101449275,0.72 %,84.06 %
Brunei,04/21/2020,138,1,116,21,0.007246376811594203,0.8405797101449275,0.72 %,84.06 %
Brunei,04/22/2020,138,1,117,20,0.007246376811594203,0.8478260869565217,0.72 %,84.78 %
Brunei,04/23/2020,138,1,119,18,0.007246376811594203,0.8623188405797102,0.72 %,86.23 %
Brunei,04/24/2020,138,1,120,17,0.007246376811594203,0.8695652173913043,0.72 %,86.96 %
Brunei,04/25/2020,138,1,121,16,0.007246376811594203,0.8768115942028986,0.72 %,87.68 %
Brunei,04/26/2020,138,1,123,14,0.007246376811594203,0.8913043478260869,0.72 %,89.13 %
Brunei,04/27/2020,138,1,124,13,0.007246376811594203,0.8985507246376812,0.72 %,89.86 %
Burma,01/22/2020,0,0,0,0,0.0,0.0,nan %,nan %
Burma,01/23/2020,0,0,0,0,0.0,0.0,nan %,nan %
Burma,01/24/2020,0,0,0,0,0.0,0.0,nan %,nan %
Burma,01/25/2020,0,0,0,0,0.0,0.0,nan %,nan %
Burma,01/26/2020,0,0,0,0,0.0,0.0,nan %,nan %
Burma,01/27/2020,0,0,0,0,0.0,0.0,nan %,nan %
Burma,01/28/2020,0,0,0,0,0.0,0.0,nan %,nan %
Burma,01/29/2020,0,0,0,0,0.0,0.0,nan %,nan %
Burma,01/30/2020,0,0,0,0,0.0,0.0,nan %,nan %
Burma,01/31/2020,0,0,0,0,0.0,0.0,nan %,nan %
Burma,02/01/2020,0,0,0,0,0.0,0.0,nan %,nan %
Burma,02/02/2020,0,0,0,0,0.0,0.0,nan %,nan %
Burma,02/03/2020,0,0,0,0,0.0,0.0,nan %,nan %
Burma,02/04/2020,0,0,0,0,0.0,0.0,nan %,nan %
Burma,02/05/2020,0,0,0,0,0.0,0.0,nan %,nan %
Burma,02/06/2020,0,0,0,0,0.0,0.0,nan %,nan %
Burma,02/07/2020,0,0,0,0,0.0,0.0,nan %,nan %
Burma,02/08/2020,0,0,0,0,0.0,0.0,nan %,nan %
Burma,02/09/2020,0,0,0,0,0.0,0.0,nan %,nan %
Burma,02/10/2020,0,0,0,0,0.0,0.0,nan %,nan %
Burma,02/11/2020,0,0,0,0,0.0,0.0,nan %,nan %
Burma,02/12/2020,0,0,0,0,0.0,0.0,nan %,nan %
Burma,02/13/2020,0,0,0,0,0.0,0.0,nan %,nan %
Burma,02/14/2020,0,0,0,0,0.0,0.0,nan %,nan %
Burma,02/15/2020,0,0,0,0,0.0,0.0,nan %,nan %
Burma,02/16/2020,0,0,0,0,0.0,0.0,nan %,nan %
Burma,02/17/2020,0,0,0,0,0.0,0.0,nan %,nan %
Burma,02/18/2020,0,0,0,0,0.0,0.0,nan %,nan %
Burma,02/19/2020,0,0,0,0,0.0,0.0,nan %,nan %
Burma,02/20/2020,0,0,0,0,0.0,0.0,nan %,nan %
Burma,02/21/2020,0,0,0,0,0.0,0.0,nan %,nan %
Burma,02/22/2020,0,0,0,0,0.0,0.0,nan %,nan %
Burma,02/23/2020,0,0,0,0,0.0,0.0,nan %,nan %
Burma,02/24/2020,0,0,0,0,0.0,0.0,nan %,nan %
Burma,02/25/2020,0,0,0,0,0.0,0.0,nan %,nan %
Burma,02/26/2020,0,0,0,0,0.0,0.0,nan %,nan %
Burma,02/27/2020,0,0,0,0,0.0,0.0,nan %,nan %
Burma,02/28/2020,0,0,0,0,0.0,0.0,nan %,nan %
Burma,02/29/2020,0,0,0,0,0.0,0.0,nan %,nan %
Burma,03/01/2020,0,0,0,0,0.0,0.0,nan %,nan %
Burma,03/02/2020,0,0,0,0,0.0,0.0,nan %,nan %
Burma,03/03/2020,0,0,0,0,0.0,0.0,nan %,nan %
Burma,03/04/2020,0,0,0,0,0.0,0.0,nan %,nan %
Burma,03/05/2020,0,0,0,0,0.0,0.0,nan %,nan %
Burma,03/06/2020,0,0,0,0,0.0,0.0,nan %,nan %
Burma,03/07/2020,0,0,0,0,0.0,0.0,nan %,nan %
Burma,03/08/2020,0,0,0,0,0.0,0.0,nan %,nan %
Burma,03/09/2020,0,0,0,0,0.0,0.0,nan %,nan %
Burma,03/10/2020,0,0,0,0,0.0,0.0,nan %,nan %
Burma,03/11/2020,0,0,0,0,0.0,0.0,nan %,nan %
Burma,03/12/2020,0,0,0,0,0.0,0.0,nan %,nan %
Burma,03/13/2020,0,0,0,0,0.0,0.0,nan %,nan %
Burma,03/14/2020,0,0,0,0,0.0,0.0,nan %,nan %
Burma,03/15/2020,0,0,0,0,0.0,0.0,nan %,nan %
Burma,03/16/2020,0,0,0,0,0.0,0.0,nan %,nan %
Burma,03/17/2020,0,0,0,0,0.0,0.0,nan %,nan %
Burma,03/18/2020,0,0,0,0,0.0,0.0,nan %,nan %
Burma,03/19/2020,0,0,0,0,0.0,0.0,nan %,nan %
Burma,03/20/2020,0,0,0,0,0.0,0.0,nan %,nan %
Burma,03/21/2020,0,0,0,0,0.0,0.0,nan %,nan %
Burma,03/22/2020,0,0,0,0,0.0,0.0,nan %,nan %
Burma,03/23/2020,0,0,0,0,0.0,0.0,nan %,nan %
Burma,03/24/2020,0,0,0,0,0.0,0.0,nan %,nan %
Burma,03/25/2020,0,0,0,0,0.0,0.0,nan %,nan %
Burma,03/26/2020,0,0,0,0,0.0,0.0,nan %,nan %
Burma,03/27/2020,8,0,0,8,0.0,0.0,0.0 %,0.0 %
Burma,03/28/2020,8,0,0,8,0.0,0.0,0.0 %,0.0 %
Burma,03/29/2020,10,0,0,10,0.0,0.0,0.0 %,0.0 %
Burma,03/30/2020,14,0,0,14,0.0,0.0,0.0 %,0.0 %
Burma,03/31/2020,15,1,0,14,0.06666666666666668,0.0,6.67 %,0.0 %
Burma,04/01/2020,15,1,0,14,0.06666666666666668,0.0,6.67 %,0.0 %
Burma,04/02/2020,20,1,0,19,0.05,0.0,5.0 %,0.0 %
Burma,04/03/2020,20,1,0,19,0.05,0.0,5.0 %,0.0 %
Burma,04/04/2020,21,1,0,20,0.047619047619047616,0.0,4.76 %,0.0 %
Burma,04/05/2020,21,1,0,20,0.047619047619047616,0.0,4.76 %,0.0 %
Burma,04/06/2020,22,1,0,21,0.045454545454545456,0.0,4.55 %,0.0 %
Burma,04/07/2020,22,1,0,21,0.045454545454545456,0.0,4.55 %,0.0 %
Burma,04/08/2020,22,3,0,19,0.13636363636363635,0.0,13.64 %,0.0 %
Burma,04/09/2020,23,3,2,18,0.13043478260869565,0.08695652173913042,13.04 %,8.7 %
Burma,04/10/2020,27,3,2,22,0.1111111111111111,0.07407407407407407,11.11 %,7.41 %
Burma,04/11/2020,38,3,2,33,0.07894736842105263,0.05263157894736842,7.89 %,5.26 %
Burma,04/12/2020,41,4,2,35,0.0975609756097561,0.04878048780487805,9.76 %,4.88 %
Burma,04/13/2020,62,4,2,56,0.06451612903225806,0.03225806451612903,6.45 %,3.23 %
Burma,04/14/2020,63,4,2,57,0.06349206349206349,0.031746031746031744,6.35 %,3.17 %
Burma,04/15/2020,74,4,2,68,0.054054054054054064,0.027027027027027032,5.41 %,2.7 %
Burma,04/16/2020,85,4,2,79,0.047058823529411764,0.023529411764705882,4.71 %,2.35 %
Burma,04/17/2020,88,4,5,79,0.045454545454545456,0.05681818181818181,4.55 %,5.68 %
Burma,04/18/2020,98,5,5,88,0.051020408163265314,0.051020408163265314,5.1 %,5.1 %
Burma,04/19/2020,111,5,7,99,0.045045045045045036,0.06306306306306306,4.5 %,6.31 %
Burma,04/20/2020,119,5,7,107,0.04201680672268908,0.05882352941176471,4.2 %,5.88 %
Burma,04/21/2020,121,5,7,109,0.04132231404958678,0.05785123966942149,4.13 %,5.79 %
Burma,04/22/2020,123,5,7,111,0.04065040650406504,0.05691056910569105,4.07 %,5.69 %
Burma,04/23/2020,139,5,9,125,0.03597122302158273,0.06474820143884892,3.6 %,6.47 %
Burma,04/24/2020,144,5,9,130,0.034722222222222224,0.0625,3.47 %,6.25 %
Burma,04/25/2020,146,5,10,131,0.03424657534246575,0.0684931506849315,3.42 %,6.85 %
Burma,04/26/2020,146,5,10,131,0.03424657534246575,0.0684931506849315,3.42 %,6.85 %
Burma,04/27/2020,146,5,16,125,0.03424657534246575,0.1095890410958904,3.42 %,10.96 %
